"sentence","event_type"
"The main event, dubbed the ""Inaugural Brawl,"" was a five-on-five tag team match between Team WWF and Team WCW/ECW.","None"
"Metallica also became the first band of the Big Four to cross the Iron Curtain, with two concerts in Katowice, Poland on February 10 and 11, 1987.","None"
"The investigation into the crash initially closed inconclusively in May 2013, having ruled out a number of factors that had been the subject of media speculation but failing to identify a cause.","Investigation"
"Removing the threat posed by ""Tirpitz"" would also allow the Allies to redeploy the capital ships which had to be held in the North Sea to counter her.","None"
"Due to the slow movement of the storm, it produced heavy rains, peaking at 516 mm (20.3 in).","Disaster"
"Because the right elevator cable was partially restricted, however, both pilots had to apply back pressure on the yoke for the landing flare.","None"
"Following a charity gig Waters performed with his former Pink Floyd bandmates on 10 July 2010, he confirmed that David Gilmour would guest on ""Comfortably Numb"" at one show during the tour.","Investigation"
"The accident was investigated by the Transportation Safety Board of Canada (TSB), with a final report issued on 13 December 2007.","Investigation"
"A post mortem indicated that the head injury alone would not have killed him.","Injury"
"Bytnar himself died four days later on account of injuries sustained due to German torture.","Injury"
"In 2012, 32 years after Azaria's death, the Chamberlains' version of events was officially supported by a coroner.","Injury"
"Three and a half million people (out of Turkey's population of 80 million) are estimated to have taken an active part in almost 5,000 demonstrations across Turkey connected with the original Gezi Park protest.","Protest"
"Hurricane Dolores was regarded as the worst hurricane to strike Acapulco since 1938.","Attack"
"Three months later, however, the CPS reported that there was insufficient evidence to press charges and the inquest was resumed.","Investigation"
"Upon arriving at the bay where the pirates were said to be, ""Alligator"" dispatched boats to engage the enemy vessels, as the water was too shallow for the warship to engage them directly.","Attack"
"The naval Battle of Les Formigues (Catalan) took place probably in the early morning of 4 September 1285 near Les Formigues Islands, Catalonia, about 85 km northeast of Barcelona, when a Catalan-Sicilian galley fleet commanded by Roger of Lauria defeated a French and Genoese galley fleet commanded by Guilhem de Lodeva, Henry di Mari, and John de Orrea.","Attack"
"At least 25 homes sustained damage, while portions of a few major roads, such as Interstate 10, were closed.","Disaster"
"After the Independent Police Complaints Commission (IPCC) began a criminal inquiry, further autopsies indicated that Tomlinson had died from internal bleeding caused by blunt force trauma to the abdomen, in association with cirrhosis of the liver.","Injury"
"Some areas of the city were also inundated with up to of water due to storm tide.","Disaster"
"The organizers of the March continue to support public media with ongoing education and advocacy efforts around puppetry with other parades and mobilizations around the country including Santa Monica, California and Denver, CO","None"
"The campaign of mass persecution in the newly acquired areas began immediately.","None"
"Chief among those issues was (1) the legality of the sale of a block of land at Waitara, which had sparked the first war, but Māori unrest was exacerbated by (2) a new land confiscation strategy launched by the Government and (3) the emergence of a fiery nationalist religious movement.","None"
"The uprising began in St. John’s Town of Dalry, where troops were beating an elderly man who had defaulted on a fine for not attending government-approved church services.","Injury"
"The battle took place across the River Boyne close to the town of Drogheda in the Kingdom of Ireland, modern-day Republic of Ireland, and resulted in a victory for William.","Attack"
"There were a further 57 injuries.","Injury"
"The case resonated with the public anger over the corruption and immorality of officials, and garnered over four million forum posts across the country.","Injury"
"As a result, the duration of the competition was extended and it ran from 8 July to 9 September.","None"
"The evacuation was the largest helicopter evacuation in history.","None"
"The return match at El Cilindro in Buenos Aires was also acrimonious, with Celtic's Ronnie Simpson struck by an object thrown from the crowd just before the start of the match.","Injury"
"The pilots failed to switch on the engines' internal ice protection systems, used reverse thrust in a snowstorm prior to takeoff, tried to use the jet exhaust of a plane in front of them to melt their ice, and failed to abort the takeoff even after detecting a power problem while taxiing and seeing ice and snow buildup on the wings.","Investigation"
"The British attack swiftly established the defensive flank and patrols began to probe southwards.","Investigation"
"Operationally, German forces achieved significant victories and occupied some of the most important economic areas of the Soviet Union (mainly in Ukraine) and inflicted, as well as sustained, heavy casualties.","Injury"
"It was attacked twice during the Nanboku-chō Wars of the 14th century, during which it was likely both built and destroyed.","Attack"
"In September 1740, as unrest rose among the Chinese population, spurred by government repression and declining sugar prices, Governor-General Adriaan Valckenier declared that any uprising would be met with deadly force.","None"
"The aircraft flew into a cloud of volcanic ash thrown up by the eruption of Mount Galunggung (approximately south-east of Jakarta, Indonesia), resulting in the failure of all four engines.","Disaster"
"Five others died in Honduras from an aviation accident likely related to the storm and one other was swept away in floodwaters.","Injury"
"The World Meteorological Organization retired the name ""Diana"" following the season due to the extensive loss of life and damage caused by the storm.","Disaster"
"Soon after, on 30 October, the Armistice of Mudros was signed between the Allies and the Ottoman Empire, ending the Sinai and Palestine campaign.","None"
"The Mexican Army was dispatched in several locations to aid in post-tropical cyclone relief operations.","None"
"Pakistan later confirmed that the sole surviving perpetrator of the attacks was a Pakistani citizen.","Investigation"
"While several kings from Oppland were gathering forces in the north, king Gandalf Alfgeirsson of Alfheimr was the first to strike.","Attack"
"However, the Commission's enquiries led away from union activities towards investigation of so-called ""bottom of the harbour"" tax evasion schemes.","Investigation"
"Some reports suggest a motorcycle crashed into the crowd and the rider detonated explosives in a worn belt.","Attack"
"On August 27, 1975 the same IRA unit detonated a bomb in Surrey at the Caterham Arms pub which injured over 30 people, Surrey police said it was ""a carbon copy of the Guildford bombs"".","Injury"
"Planners attempted to protect participants in the Operation Crossroads tests against radiation sickness, but one study showed that the life expectancy of participants was reduced by an average of three months.","Protest"
"By the time the massacre was over, between 250 and 300 men, women, and children of the Lakota had been killed and 51 were wounded (4 men and 47 women and children, some of whom died later); some estimates placed the number of dead at 300.","Injury"
"He appointed the Commission on Wartime Relocation and Internment of Civilians (CWRIC) to investigate the camps.","Investigation"
"The war ended with the signing of a peace treaty at Bamberg on 22 June 1450.","Attack"
"Israel said that it had achieved its aim of crippling Hamas's rocket-launching ability, while Hamas stated that Israel's option of invading Gaza had ended.","Attack"
"This was the first time Thailand hosted the ASEAN Para Games.","None"
"On June 12, 2019, Hicks pleaded guilty to the shooting and was sentenced to three consecutive terms of life imprisonment.","Injury"
"(32 guns), Capt.","None"
"Ernesto first affected the northern Caribbean, reaching minimal hurricane status near Haiti before weakening and moving across eastern Cuba as a tropical storm.","Disaster"
"A total of 2,746 houses were damaged or destroyed, leaving 6,200 people homeless.","Disaster"
"Often identified as the main driver of the rebellion, the rammassage du paddy was an efficient system imposed by Lon Nol in early 1967 whereby the government channels (mainly the military) took charge of buying and collecting the rice crops from the peasants.","Investigation"
"In 1929, leaders of São Paulo broke the alliance with the ""mineiros"" (i.e.","Disaster"
"Several stations reported record rainfall, including Shreveport, Louisiana where its 24‑hour amount remained the highest daily total as of 2008.","None"
"The accident was investigated by the Brazilian Air Force's Aeronautical Accidents Investigation and Prevention Center (; CENIPA), with a final report issued in September 2009.","Investigation"
"Steadily strengthening as it tracked west-northwestward, the tropical storm reached hurricane intensity the next day.","Disaster"
"Radio personality Howard Stern mocked Selena's murder, burial, and her mourners and criticized her music, playing her songs with gunshots in the background, causing an uproar among the Latino population.","Injury"
"The aircraft was attempting an emergency landing, due to a fire in one of its engines.","Disaster"
"In 2007, the International Association of Genocide Scholars (IAGS) reached a consensus that the ""Ottoman campaign against Christian minorities of the Empire between 1914 and 1923 constituted a genocide against Armenians, Assyrians, and Pontian and Anatolian Greeks.""","Injury"
"However, there was later uncertainty as to the identity of the bomber, with some news agencies stating the perpetrator was male.","Investigation"
"The 2006 immigration protests were a series of demonstrations that began in Chicago and continued throughout major cities nationwide for a period of eight weeks.","Protest"
"While passing west of Jamaica, the storm damaged banana plantations and killed one person.","Injury"
"Overall, seven deaths were confirmed in Florida and losses in the state reached at least $1 million.","Injury"
"The Sinking of USS ""Housatonic"" on 17 February 1864 during the American Civil War was an important turning point in naval warfare.","Disaster"
"The term is avoided by some historians, who either describe the conflicts as merely a series of West Coast campaigns that took place between the Taranaki War (1860–1861) and Titokowaru's War (1868–69), or an extension of the First Taranaki War.","Attack"
"The cause of the crash was determined as pilot error according to the official report.","Disaster"
"The aircraft struck the north side of the building causing a fire in several apartments, which was extinguished within two hours.","Attack"
"Among the 100,000 people killed in the ""Intelligenzaktion"" operations, approximately 61,000 were of the Polish intelligentsia, whom the Nazis identified as political targets in the Special Prosecution Book-Poland, compiled before the war began in September 1939.","Injury"
"That was quashed by the British Forces and financial interests that funded the Ever Victorious Army.","None"
"In 1980, under mounting pressure from the Japanese American Citizens League and redress organizations, President Jimmy Carter opened an investigation to determine whether the decision to put Japanese Americans into concentration camps had been justified by the government.","Investigation"
"In September 2015, it was decided that there would be separate trials for the accused.","Investigation"
"The 2012 Afar region tourist attack was a shooting incident on the night of 17 January 2012 at Erta Ale volcano in the Afar Region of Ethiopia which killed 5 and injured 3.","Attack"
"It is estimated that 5,000 were killed, hundreds of Hindu women were raped and thousands of Hindu men and women were forcibly converted to Islam.","Injury"
"As it was transitioning to an extratropical cyclone southwest of the Azores, the German ship Pamir encountered the storm and capsized on September 21, resulting in the deaths of 80 crew members on board.","Attack"
"A similar accident at exactly the same location, with less serious consequences, occurred in 1946, before the line was open for public traffic; one railwayman died.","Injury"
"Some one thousand people were killed in riots in 2001, and at least 700 died in subsequent violence in 2008.","Injury"
"The attack was conducted by the 15th Brigade, 5th Division and the 94th Brigade, 31st Division, which advanced on a front extending from Gavrelle in the south to the north of Oppy Wood.","Attack"
"On 12 October it was reported that the confirmed death toll after searching the boat was 359, but that further bodies were still missing; a figure of ""more than 360"" deaths was later reported.","Injury"
"They overturned cars and damaged traffic lights.","Disaster"
"It drifted westward over the subsequent days, and on October 15, while located over the South China Sea, the disturbance was classified as a tropical depression.","Investigation"
"At least 37 people were killed and 24 were injured.","Injury"
"The raid was the third of series of actions intended to eliminate the threat posed to British trade routes by the Dutch squadron: at the Action of 26 July 1806 and the Action of 18 October 1806, British frigates sent on reconnaissance missions to the region succeeded in attacking and capturing two Dutch frigates and a number of other vessels.","Attack"
"Initial fighting on New Britain took place around the western end of the island in December 1943 and January 1944, with US forces landing and securing bases around Arawe and Cape Gloucester.","Attack"
"By 3 August, the estimated death toll was 41 people, and 48 schoolgirls were marooned in a school in the Darbhanga district.","Injury"
"The board of inquiry finally confirmed that the soldiers fell due to friendly fire.","Investigation"
"Late on September 15, the hurricane made landfall on Key Largo and then in southern Miami-Dade County, and across Homestead, FL where much damage was done and winds were clocked at Homestead Army Air Corps Base at 145 mph.","Disaster"
"Although police were initially hesitant to publicly identify the juvenile after he was apprehended, by the evening of February 28, authorities confirmed that the suspect was Lane.","Investigation"
"At least 233 people were killed along the path of the storm in eight countries.","Disaster"
"Seven men and three women participated.","None"
"Other scholars, such as Hilmar Kaiser, Donald Bloxham and Taner Akçam have differing opinions with regards to the extent of governmental involvement and systematic nature in the killings, asserting a less systematic policy and different treatment in comparison to the Armenians.","Injury"
"Five houses were destroyed and a further eight were extensively damaged during the blazes.","Disaster"
"The Port Neal fertilizer plant explosion occurred on December 13, 1994 in the ammonium nitrate plant at the Terra International, Inc., Port Neal Complex, 16 miles south of Sioux City, Iowa, United States.","Attack"
"Hurricane Flora is among the deadliest Atlantic hurricanes in recorded history, with a death total of at least 7,193.","Injury"
"The 2008 Men's Asia Pacific Floorball Championships were the first to be held outside of Singapore City.","None"
"The storm re-strengthened into a hurricane later that day and headed southwestward.","Disaster"
"The Peloponnesian War reshaped the ancient Greek world.","None"
"The invasion commenced with an overwhelming air attack on Belgrade and facilities of the Royal Yugoslav Air Force (VVKJ) by the Luftwaffe (German Air Force) and attacks by German land forces from southwestern Bulgaria.","Attack"
"It was followed by protests against her arrest, disputing the cause of death, and alleging racial violence against her.","Protest"
"He finished with six catches for 82 yards.","None"
"The most affected districts of Kerala are Kannur, Ernakulam, Kozhikode, Kollam Thrissur, Malappuram, Wayanad, Kasaragod and Alappuzha districts.","None"
"In July 2019, the festival organiser, Geoff Ellis, confirmed that T in the Park would not be returning.","Investigation"
"The lawsuit alleged that Johnson's death was a murder and accused the respondents of a conspiracy to cover up the homicide.","Injury"
"A dispute ensued as to how many civilians died after the explosion: local health authorities in Jakarta reported 9 deaths, compared to 11 deaths reported by Australian officials.","None"
"The storm progressed inland after moving through the Chesapeake Bay region, and was later absorbed by a cold front over Lake Huron on August 15.","Disaster"
"The incident was one of the most tense moments of the Cold War and resulted in an escalation of anti-Soviet sentiment, particularly in the United States.","None"
"Pellegrini's reaction was indifferent; he believed the absence of several first team players was linked to their poor show.","Protest"
"Civilians usually run in the full marathon, which is timed with awards though not certified by USA Track and Field.","Investigation"
"The purpose of ""Wigwam"" was to determine the vulnerability of submarines to deeply detonated nuclear weapons, and to evaluate the feasibility of using such weapons in a combat situation.","Attack"
"Although the Navy was able to force the pirates into abandoning ""Revenge"", the buccaneers managed to fight their way out of the bay and inflict seven casualties.","Attack"
"The Derg enjoyed support from the Soviet Union, Cuba, and other Second World nations in fighting against Eritrean separatists supported by the United States and various other nations.","Attack"
"Roof was found competent to stand trial in federal court, and in December 2016 was convicted of 33 federal hate crime and murder charges stemming from the shooting.","Investigation"
"The hurricane affected 11 Cuban provinces, damaging 92,542 houses and destroying another 6,369.","Disaster"
"Yakushkin was to kill the emperor even before the revolution thus.","Injury"
"By late evening the Poles were again saved by a self-sacrificing charge of the 4th battery of mounted artillery led by Lt.Col.","None"
"The Oklahoma City bombing was a domestic terrorist truck bombing on the Alfred P. Murrah Federal Building in Oklahoma City, Oklahoma, United States on April 19, 1995.","Attack"
"The conflict culminated in a foreign invasion that replaced Zairean President Mobutu Sese Seko with the rebel leader Laurent-Désiré Kabila.","Attack"
"Another potential factor that led to the crash of the 737 aircraft was the power control unit (PCU) that controlled the aircraft's rudder.","Disaster"
"The impact severely damaged an area of the Pentagon and caused a large fire.","Disaster"
"On 21 January, Rommel launched a surprise counter-attack and drove the Eighth Army back to Gazala, where both sides regrouped.","Attack"
"Early estimates placed insured losses from the earthquake alone at US$14.5 to $34.6 billion.","None"
"The daily snowfall totals for Oswego are as follows.","None"
"Prior to the anti-government protests in Egypt, Morsi supporters gathered in Rabaa el-Adaweya to celebrate the one-year anniversary of Morsi's inauguration.","Protest"
"After causing 95 fatalities in the US, Hazel struck Canada as an extratropical storm, raising the death toll by 81 people, mostly in Toronto.","Disaster"
"Carlos Romero Barceló (PNP), then Governor of Puerto Rico, ordered the local Justice Department to launch various investigations, and asked the Federal Bureau of Investigation (FBI) and the US Justice Department to aid in the investigations, which concluded that there was no wrongdoing on the officers' part.","Investigation"
"The Iranian Embassy siege took place from 30 April to 5 May 1980, after a group of six armed men stormed the Iranian embassy on Prince's Gate in South Kensington, London.","Attack"
"No UK personnel were killed in the assault.","Injury"
"Total damage was estimated at $1 billion (1998 USD).","Disaster"
"The two others were 40-gun frigates, ordered to protect the storeships on their journey from the British forces operating off both the French and Guadeloupe coasts.","None"
"Later that day, RSMC New Delhi reported that the deep depression had intensified intoMay, with more than 7,000 people being infected and four dying.","Injury"
"Strengthening continued up until the following day, when the storm reached peak intensity with a strength equivalent to a Category 4 hurricane.","Disaster"
"The apparent aim of the assassination attempt was to wrest political control of Germany and its armed forces from the Nazi Party (including the SS) and to make peace with the Western Allies as soon as possible.","Injury"
"This shooting marks the first time an innocent bystander has been killed by criminal gang violence in Sweden.","Injury"
"The 1935 Royal Canadian Mounted Police Killings were a series of murders of three Royal Canadian Mounted Police and one local constable from 5–8 October 1935.","Injury"
"Historians have interpreted the conflict variously; in the words of the Iranologist Elton L. Daniel, it has been regard as ""a conflict over the succession between a rather incompetent, besotted al-Amin and his shrewdly competent brother al-Ma'mun; as the product of harem intrigues; as an extension of the personal rivalry between the ministers al-Fadl b. Rabi' and al-Fadl b. Sahl; or as a struggle between Arabs and Persians for the control of the government"".","Protest"
"They began with the murders of Benito Constable William Wainwright and RCMP Constable John Shaw near Pelly, Saskatchewan by three Doukhobor men who had been in the custody of the officers.","Injury"
"By the time the MPLA achieved victory in 2002, more than 500,000 people had died and over one million had been internally displaced.","Disaster"
"The battle of Bunclody or Newtownbarry as it was then called, was a battle in the Irish Rebellion of 1798, which took place on 1 June 1798 when a force of some 5,000 rebels led by Catholic priest Fr.","Attack"
"Guinness official Syeda Subasi-Gemici, adjudicator of Guinness World Records Ltd., presented the certificate validating the attempt.","Investigation"
"Gunshots rang out, and by that evening 19 people were dead, including both supporters and opponents of the government.","Injury"
"The bride, Catherine Middleton, had been his girlfriend since 2003.","None"
"According to the United Nations, 108 people were killed, including 34 women and 49 children.","Injury"
"On August 21, 1864, the soldiers began traveling up Fishing Creek.","None"
"The 2011 England riots, more widely known as the London Riots were a series of riots between 6 and 11 August 2011, when thousands of people rioted in cities and towns across England, saw looting, arson, and mass deployment of police, and resulted in the deaths of five people.","Injury"
"The post-accident investigation faulted the pilot for not diverting to Las Palmas.","Investigation"
"The others who were left in the keep—men, women and children—were killed.","None"
"Aware that resistance would be futile and with his crews in open revolt, Lucas surrendered unconditionally.","Attack"
"Photographs posted on the website showed Roof posing with emblems associated with white supremacy and with photos of the Confederate battle flag.","None"
"Among the non-military targets struck during the bombing were the National Library of Serbia, which burned to the ground with the loss of hundreds of thousands of books and manuscripts, and the Belgrade Zoo.","Attack"
"The first attack, which was on the prime minister's office, killed 12 people and injured 118, and the second attack on the police station in the Bab Ezzouar district of Algiers killed 11 and injured 44.","Injury"
"Many streets and several hundred acres of sugar cane fields were flooded.","Disaster"
"Hurricane Cindy was the first hurricane to form in the Gulf of Mexico since 1960.","Disaster"
"Many news outlets also hinted that the crash may have been the result of sabotage by the rival party in Zimbabwe, Movement for Democratic Change, a stance treated with severe doubt in foreign press articles.","None"
"On 1 June 2018, a special National Investigation Agency (NIA) court of Patna sentenced life imprisonment for 5 prime accused in this case.","Investigation"
"It occurred due to the extratropical remnants of an Atlantic hurricane.","Disaster"
"Damage was estimated at $45 million (1992 USD).","Disaster"
"Also, peasant discontent was contributed by the growing domination by the Chinese and other landowners, including Government officials.","None"
"The Russian casualties were low, about 25 cavalrymen and nine Cossack troops killed in action.","Disaster"
"The narrative was embellished and used by various parties to attack each other—by the Palestinians against Israel; by the Haganah to play down their own role in the affair; and by the Israeli left to accuse the Irgun and Lehi of blackening Israel's name by violating the Jewish principle of purity of arms.","Attack"
"The Monbar Hotel attack was carried out by the GAL, a state-sponsored death squad, on 25 September 1985 in Bayonne, France.","Attack"
"Some roads were under a meter (three feet) of water on 26 November, and many of the victims were believed to have drowned in their cars.","Injury"
"The occupation occurred during the Battle of Vukovar, as the JNA sought to consolidate its control over the area surrounding the city of Vukovar.","None"
"The Bus 300 affair (), also known as Kav 300 affair, was a 1984 incident in which Shin Bet members executed two Palestinian bus hijackers, immediately after the hostage crisis incident ended and they had been captured.","Investigation"
"Many Iraqi forces, however, successfully escaped across the Euphrates river, and the U.S. Defense Intelligence Agency estimated that upwards of 70,000 to 80,000 troops from defeated divisions in Kuwait might have fled into Basra, evading capture.","None"
"The Halle train collision (also known as the Buizingen train collision) was a collision between two NMBS/SNCB Passenger Trains carrying a combined 250–300 people in Buizingen, in the municipality of Halle, Flemish Brabant, Belgium, on 15 February 2010.","Disaster"
"In December 2015, the Indonesian National Transportation Safety Committee (KNKT or NTSC) released a report concluding that a non-critical malfunction in the rudder control system prompted the captain to perform a non-standard reset of the on-board flight control computers.","Protest"
"The people killed included Mangudadatu's wife, his two sisters, journalists, lawyers, aides, and motorists who were witnesses or were mistakenly identified as part of the convoy.","Investigation"
"On 8 March 2015, Russian authorities charged Anzor Gubashev and Zaur Dadaev, both originating from the Northern Caucasus, with involvement in the crime.","Investigation"
"Gunfire was the leading cause of death, though some of the victims were killed with axes or chainsaws, or were burned to death.","Injury"
"The Indian Ocean raid (known in Japan as Operation C) was a naval sortie carried out by the Imperial Japanese Navy (IJN) from 31 March to 10 April 1942.","Attack"
"The division was also assigned the task of assaulting and destroying the Merville Gun Battery, an artillery battery that Allied intelligence believed housed a number of heavy artillery pieces, which could bombard the nearest invasion beach (codenamed Sword) and possibly inflict heavy casualties on the Allied troops landing on it.","None"
"On several occasions, Israel was suspected of perpetrating or supporting attacks on Hezbollah and Iranian targets within Syrian territories or Lebanon.","Investigation"
"On the afternoon of 22 May 2013, a British Army soldier, Fusilier Lee Rigby of the Royal Regiment of Fusiliers, was attacked and killed by Michael Adebolajo and Michael Adebowale near the Royal Artillery Barracks in Woolwich, southeast London.","Attack"
"The first half of this phase of the war was dominated by the Kingdom of England.","Attack"
"By then the rearguard had successfully withdrawn along with the withdrawing Ottoman columns.","None"
"The Menu bombings were an escalation of what had previously been tactical air attacks.","Attack"
"The causes of the other fires are still under investigation by multiple agencies, and a joint task force was formed to coordinate the investigations and facilitate communications.","Investigation"
"Evidence presented at the trial included Watson's differing accounts of what had happened on that day, of the couple's diving experience (or lack thereof), and of Tina's life insurance.","Investigation"
"After a confused fight lasting two hours, Parliamentarian cavalry under Oliver Cromwell routed the Royalist cavalry from the field and, with Leven's infantry, annihilated the remaining Royalist infantry.","Attack"
"The Battle of Chickamauga, fought on September 18 – 20, 1863, between U.S. and Confederate forces in the American Civil War, marked the end of a Union offensive in southeastern Tennessee and northwestern Georgia — the Chickamauga Campaign.","Attack"
"Over 20,000 people were killed in the war, and refugees were displaced on both sides.","Attack"
"The government responded to attacks by carrying out a campaign of ethnic cleansing against Darfur's non-Arabs.","Attack"
"Obregón and Villa met twice more in the Bajío at León (also called the battle of Trindad), in a protracted battle lasting 38 days, and at Aguascalientes in July, sealing the Constitutionalists' victory over Villa.","Attack"
"An escort of 24 squadrons of Spitfires equipped with drop tanks was provided on the first and last leg of the mission.","None"
"A strike group consisting of one missile boat and two frigates attacked the group of ships off the coast of Karachi.","Attack"
"AWB delivered 90% of the Iraqi wheat market, before its practices were questioned in 2005.","Investigation"
"The 1910 Cuba hurricane, popularly known as the Cyclone of the Five Days, was an unusual and destructive tropical cyclone that struck Cuba and the United States in October 1910.","Disaster"
"The ""Chesapeake"" was captured in a brief but intense action in which over 80 men were killed.","Injury"
"The attack occurred on the eve of the 2008 Pakistani general election to be held on 18 February when an explosives-laden car was rammed into the election office of an independent candidate in Parachinar.","Attack"
"The incident occurred less than three months after the United States entered World War II in response to the Imperial Japanese Navy's surprise attack on Pearl Harbor, and one day after the bombardment of Ellwood on February 23.","None"
"Even before the Maguindanao massacre, the CPJ had labeled the Philippines the second most dangerous country for journalists, second only to Iraq.","Injury"
"At around 4:00 a.m. on September 12, the group launched a mortar attack against a CIA annex approximately away, killing CIA contractors Tyrone S. Woods and Glen Doherty and wounding ten others.","Attack"
"Moctezuma was killed, although the sources do not agree on who murdered him.","Injury"
"Following the first large-scale protests in early August, the government announced that a series of measures would be taken to solve the housing shortage, some of which were already under preparation and ratification, and some which were new measures proposed in response to the demands of the protest movement leadership.","Protest"
"This was the brain child of the late Frans du Toit, a retired teacher from JG Meiring High School in Goodwood and a part time sports journalist.","None"
"However, French efforts ended in failure when the Anglo-Prussian coalition prevailed, and Britain's rise as among the world's predominant powers destroyed France's supremacy in Europe, thus altering the European balance of power.","Disaster"
"All four crew members on the plane survived, but all 10 people aboard the minibus were killed, along with a cyclist and a cab passenger.","Injury"
"Efforts to verify the report of the battle from the Annales Fuldenses, specifically the huge loss of life on the Viking side, have been hindered by the lack of archaeological excavations in Belgium.","Attack"
"The Empire soon crushed the perceived Protestant rebellion in the Battle of White Mountain, executing leading Bohemian aristocrats shortly after.","Disaster"
"The Battle of San Juan (1595) was a Spanish victory during the Anglo–Spanish War.","Attack"
"Overall, there were 49 fatalities in Bangladesh.","Injury"
"In February 2009, the 2009 leg of the tour was announced with Poison and Cheap Trick as the opening acts.","None"
"The Day We Fight Back was a one-day global protest against mass surveillance by the US National Security Agency (NSA), the UK GCHQ, and the other Five Eyes partners involved in global surveillance.","Protest"
"The Battle of Chunuk Bair () was a World War I battle fought between the Ottoman defenders and troops of the British Empire over control of the peak in August 1915.","Attack"
"The Darbar Festival is the flagship event of the Darbar Arts Culture Heritage Trust, a UK registered non-profit.","None"
"The tournament had been put into jeopardy after the Springboks team confirmed they were sending a below strength side for the Australasian leg of the tournament.","Investigation"
"Tracking westward, the depression gradually intensified and became Tropical Storm Faith on the following day.","Disaster"
"Headed by Frank Costigan QC, the Commission was established by the Australian government on 10 September 1980 to investigate criminal activities, including violence, associated with the Painters and Dockers Union.","Investigation"
"Breivik, dressed in a homemade police uniform and showing false identification, took a ferry to the island and opened fire at the participants, killing 69 and injuring at least 110, 55 seriously.","Injury"
"The pilot, Captain Richard J. Ashby, and his navigator, Captain Joseph Schweitzer, were put on trial in the U.S. and found not guilty of involuntary manslaughter and negligent homicide.","Injury"
"After the war ended, the Eritrea–Ethiopia Boundary Commission, a body founded by the UN, established that Badme, the disputed territory at the heart of the conflict, belongs to Eritrea.","Attack"
"A car bomb killed at least 5 people and 13 others were wounded in Madain.","Injury"
"Shortly afterwards, a mixed train consisting of a locomotive and ten cars came down the tracks, falling down the embankment and landing on the road below.","None"
"Russia's official position on the presence of Russian forces in Donbass has been vague: while official bodies have denied presence of ""regular armed forces"" in Ukraine, it has on numerous occasions confirmed presence of ""military specialists"", along with other euphemisms, usually accompanied by an argument that Russia ""was forced"" to deploy them to ""defend the Russian-speaking population"".","Investigation"
"There were 450 diners, hotel staff and guests inside the building.","None"
"It spent more time as a Category 5 than all but two other Atlantic hurricanes.","Disaster"
"After capturing the Siegfried Line, the 9th Armored Division of the U.S. First Army had advanced unexpectedly quickly towards the Rhine.","None"
"Initially, just ten dates in bigger arenas were announced in November 2008.","None"
"According to police reports, three people were killed in the accident while four people were injured.","Injury"
"The Sirte, Tmed Hassan and Buerat strongholds were reinforced from Italy, which brought the 10th and 5th armies up to about German reinforcements were sent to Libya to form a blocking detachment () under Directive 22 (11 January), these being the first units of the ""Afrika Korps"" (""Generalleutnant"" Erwin Rommel).","None"
"These early fracturing tests were later superseded by hydraulic fracturing technologies.","None"
"After this vote, Britain instigated a worldwide boycott of Iranian oil to pressure Iran economically.","None"
"Early reports indicated that the heaviest damage was sustained by the eastern provinces of the Democratic Republic of the Congo (DRC), a region already ravaged by extensive war and extreme poverty.","Disaster"
"It included the United Kingdom's coldest December since Met Office records began in 1910, with a mean temperature of -1 °C, breaking the previous record of 0.1 °C in December 1981.","Disaster"
"A lasting political and military standoff between the two sides of the Taiwan Strait ensued, with the ROC in Taiwan and the PRC in mainland China both officially claiming to be the legitimate government of all China.","Attack"
"In addition to the flight of refugees, the end of the war and the institution of new rules by the communists contributed to a decline in the city's population.","Attack"
"The occupation ended in September with the Battle of Megiddo which consisted of the Battle of Sharon and the Battle of Nablus.","Attack"
"In late November 1707, a second expedition arrived, and made unsuccessful attacks on three consecutive nights before withdrawing.","None"
"She was located 20 minutes later by a Royal Navy search and rescue helicopter and airlifted to Derriford Hospital in Plymouth, where she died in the early hours of the next morning.","Injury"
"It was confirmed on the official Oxegen website in April 2013 that the festival would return to the Irish festival line-up this summer, after a one-year hiatus in 2012.","Investigation"
"The Roadshow was also presented by sponsors The Coca-Cola Company and Travelers Group,","None"
"The ensuing massacre, that lasted six days, was methodical and thorough, in which nearly all Muslims and Jews were killed, though most of the women and children were sold into slavery.","Injury"
"Developing the plot of the Dominion War also altered how the series was scripted, shifting the emphasis from an episodic to a serialized narrative format.","None"
"Residents of Sendai had only eight to ten minutes warning, and more than 19,000 were killed, many at the more than a hundred evacuation sites that washed away.","Injury"
"The International Criminal Tribunal for the former Yugoslavia (ICTY) and the Serbian War Crimes Prosecutor's Office were able to verify between 48 and 78 deaths.","Injury"
"The Ombudsman did not investigate the role of informers and the report was branded a whitewash.","Investigation"
"The Italian leader, Benito Mussolini, was toppled from power in Italy and the way was opened for the Allied invasion of Italy.","Attack"
"Between September 2 and September 17, the Breeders performed in eleven cities, including St. Louis, Denver, Seattle, Portland, San Francisco, and Las Vegas.","None"
"Runner-up Emmanuel Mutai also surpassed Kipsang's old mark, finishing in 2:03:13.","Disaster"
"The Russians lost 128 killed, 648 wounded and 51 captured according to their own estimates.","Injury"
"The team of Johnny Smith, Jim Steele and George Hines defeated Mike Rotunda, Curt Hennig and Barry Windham (substituting for an injured Kendall Windham).","Injury"
"Certain sources mistakenly identify the Kozara Offensive as part of Operation Trio.","Investigation"
"Since Indian law does not allow the press to publish a rape victim's name, the victim has become widely known as ""Nirbhaya"", meaning ""fearless"", and her struggle and death have become a symbol of women's resistance to rape in the world.","Injury"
"Torrential rainfall in Sofia blocked traffic in several areas of the city.","Disaster"
"The Soviet troops broke through the 6th Army's lines, capturing Apostolovo on 5 February, splitting the army in half.","Disaster"
"There were 245 Kenyans in Uganda killed and 3,000 fled.","Injury"
"Over the next couple of days the system gradually developed further, before it was classified as a tropical cyclone and named Wasa during December 5.","Investigation"
"The violence in the city lasted from 9 October 1740 until 22 October, with minor skirmishes outside the walls continuing late into November that year.","Attack"
"The hurricane continued to intensify, and reached peak intensity as a Category 2 hurricane with maximum sustained winds of 110 mph (175 km/h) and a minimum barometric pressure of 961 mbar (hPa; 28.38 inHg), though these statistical peaks were achieved at different times on September 2.","Disaster"
"The first quake struck at 07:45 China Standard Time with the epicenter located at the border of Min County and Zhang County.","Attack"
"The Battle of Roncevaux Pass (French and English spelling, ""Roncesvalles"" in Spanish, ""Orreaga"" in Basque) in 778 saw a large force of Basques ambush a part of Charlemagne's army in Roncevaux Pass, a high mountain pass in the Pyrenees on the present border between France and Spain, after his invasion of the Iberian Peninsula.","Attack"
"He decided to attack them at night, in a surprise nocturnal action.","Attack"
"A subsequent inquiry by Scotland Yard proved inconclusive, and, in 1993, they decided against proceeding with an investigation.","Investigation"
"The Eastern Front, as the site of nearly all extermination camps, death marches, ghettos, and the majority of pogroms, was central to the Holocaust.","Injury"
"The seriously injured victim has since been declared permanently paralyzed.","Injury"
"It began as a nod to the Capital's expanding cityscape, populated by young families with links across the globe, and blossomed throughout the 1990s and early 2000s to an event reflecting the more than 170 unique nationalities that comprise our population.","None"
"Widespread looting, assault, arson, and murder occurred during the riots, and estimates of property damage were over $1 billion.","Attack"
"Following this line of investigation may have delayed the capture of Hussam al-Qarasme, who was only arrested on 10 July.","Investigation"
"After raiding the shipping at Banda Aceh on 1 September the squadron sailed eastwards to attack Penang.","Attack"
"Teams from New Zealand, Australia, England, India, Ireland, South Africa, Sri Lanka and West Indies played each other once in a round robin format to determine the semifinalists.","None"
"The earthquake triggered powerful tsunami waves that may have reached heights of up to in Miyako in Tōhoku's Iwate Prefecture, and which, in the Sendai area, traveled at for up to inland.","Disaster"
"That war resulted in a defined boundary between the Indians and colonial lands that could only be crossed for official business with a special pass.","Attack"
"There was speculation that the truck was actually on the runway and not outside on the road, but was subsequently clarified in the Lok Sabha.","Investigation"
"Out of 69 passengers and crew, 24 were killed.","Injury"
"The Mumbai Marathon (known as the Tata Mumbai Marathon for sponsorship reasons by Tata Consultancy Services (TCS)), is an annual international marathon held in Mumbai, India, on the third Sunday of January every year.","Protest"
"The storm dropped heavy rainfall along its path, peaking at over 40 inches (1,000 mm) in Texas.","None"
"The failure of the Nivelle strategy and the high number of French casualties led to mutinies and the dismissal of Nivelle, his replacement by Pétain and the adoption of a defensive strategy by the French, while their armies recuperated and were rearmed.","None"
"The public's reaction to Selena's death was compared to those that followed the deaths of John Lennon, Kurt Cobain, and John F. Kennedy.","Injury"
"On 16 December 1929, New South Wales Police drew their revolvers and shot into a crowd of locked-out miners in the New South Wales town of Rothbury in Australia, killing a 29-year-old miner, Norman Brown, and injuring approximately forty-five miners.","Injury"
"On the first day, both forces mistakenly believed they were attacking their opponent's fleet carriers, but were actually attacking other units, with the U.S. sinking the Japanese light carrier while the Japanese sank a U.S. destroyer and heavily damaged a fleet oiler (which was later scuttled).","Attack"
"It is considered the deadliest earthquake to hit South Asia since the 1935 Quetta earthquake.","Attack"
"This caused concerns of Sino-Indian clashes.","Attack"
"Nearly fifty Mosquitos carried out nuisance raids and from No.","Attack"
"The garrison's warriors allegedly used passwords to help them determine friend from foe, while their foes killed many of their own in the confusion.","Injury"
"The event was created in 2004 and was originally held annually in December.","None"
"With a volumetric flow rate that temporarily equaled the average flow rate of the Mississippi River, the flood killed more than 2,200 people and accounted for $17 million of damage (about $ in dollars).","Disaster"
"Both of his ""interrogators"" were assassinated by Szare Szeregi within two months.","Injury"
"Many shops were closed in response to Tamarod's call for a general strike.","Attack"
"The UN resolution also ""underscores that the referendum having no validity, cannot form the basis for any alteration of the status of [Crimea]"" and calls upon all States and international organizations not to recognize or to imply the recognition of Russia's annexation.","Protest"
"The breach was sealed off, and Union forces were repulsed with severe casualties.","Disaster"
"Estimates of the death toll range from at least 281 people to 1,729.","Injury"
"They were forced into a small, narrow street in Le Chesnay and killed or captured.","Injury"
"Telegrams between the Mossad agents in Baghdad and their superiors in Tel Aviv give the impression that neither group knew who was responsible for the attack.","Attack"
"The Bersih 3.0 rally (also called Sit In rally or Duduk Bantah in Malay) was the largest democratic protest in Malaysia.","Protest"
"Urdu-speaking Biharis in Bangladesh (ethnic minority) were also in support of Pakistani military.","None"
"This Union victory, together with the capture of Atlanta, was extensively covered by Union newspapers and was a significant boost for Abraham Lincoln's bid for re-election three months after the battle.","Attack"
"In Široka Luka about 500 wounded Partisans were killed.","Injury"
"He was pronounced dead at 1:44 a.m. PDT on June 6, about 26 hours after he had been shot.","Injury"
"Around 100 houses in Acapulco and Zihuatanejo were damaged or washed away by flash flooding.","Disaster"
"This led to a shootout which killed two additional RCMP officers in Banff, Alberta and the death of perpetrator Joseph Posnikoff.","Injury"
"A large number of Pakistani agents also took the smuggling routes in the Kashmir and Kutch region of Gujarat, with plans to commit sabotage.","None"
"Although unable to deter Vietnam from Cambodia, China succeeded in demonstrating that its Cold War communist adversary, the Soviet Union, was unable to protect its Vietnamese ally.","Protest"
"Ford had become Vice President on December 6, 1973, after the resignation of Spiro Agnew.","None"
"The opening 20 matches were held in the UAE at three different stadiums in Abu Dhabi, Dubai and Sharjah with the tournament returning to India on 2 May.","None"
"Antony's Parthian War or the Roman–Parthian War of 40–33 BC was a major conflict between the Roman Republic, represented in the East by the triumvir Mark Antony, and the Parthian Empire.","Attack"
"They cited the blockade of the Gaza Strip and the occupation of West Bank, including East Jerusalem, as the reason for rocket attacks.","Attack"
"The Farmville murders occurred in Farmville, Virginia in September, 2009 – the quadruple bludgeoning homicide of Mark Niederbrock, Debra S. Kelley, their daughter Emma Niederbrock and friend Melanie Wells.","Injury"
"Operation Jackal (, Операција Чагаљ), also known as Operation June Dawns (Operacija Lipanjske zore, Операција Липањске зоре), was an offensive of the Bosnian War fought between a combined Croatian Army (HV) and Croatian Defence Council (HVO) army against the Army of Republika Srpska (VRS) from 7–26 June 1992.","Attack"
"The conflict was characterized by summary executions, massacres, purges, kidnapping and other war crimes and crimes against humanity.","Attack"
"This festival is a celebration of Australia's maritime heritage, though restricts participation by organizations with interests in modern maritime issues, such as preservation of maritime law and combating poachers in the Australian Whale Sanctuary.","Attack"
"Attendance rose again in 2015, to 287,874 visitors.","None"
"The Ayotzinapa students' mass kidnapping has caused continued international protests and social unrest.","Protest"
"Although the movement became most active in the United States, by October 2011 Occupy protests and occupations had started in dozens of other countries across every inhabited continent.","None"
"On 16 March 1807, 5000 British troops embarked on the Alexandria expedition of 1807 and occupied Alexandria in August, although Khedive Muhammad Ali defeated them heavily and forced them to evacuate five months later after a short siege; however, the Ottoman Empire had a little military support from France in the war with Russia.","Attack"
"She said then he then lain her on the ground and she immediately felt the edge of the scalping knife, and in an instant the scalp was torn from her head.","Disaster"
"After turning toward the northeast, the hurricane made landfall near Manzanillo, Mexico at peak intensity.","Disaster"
"French efforts were made more difficult due to the limited usefulness of armored tanks in a jungle environment, lack of strong air forces for air cover and carpet bombing, and use of foreign recruits from other French colonies (mainly from Algeria, Morocco and even Vietnam).","Attack"
"Severe Tropical Storm Linda, known in the Philippines as Tropical Depression Openg, was the worst typhoon in southern Vietnam in at least 100 years, killing thousands of people and leaving extensive damage.","Disaster"
"The action, and that of with the earlier Action of 26 July 1806, demonstrated the weakness of the Dutch squadron in the East Indies and convinced Rear-Admiral Sir Edward Pellew to lead an operation against Batavia to eliminate the remainder of the Dutch squadron in November 1806.","Protest"
"Two minutes and fifteen seconds after the initial blast, the sub was on the bottom when the intense initial fire triggered the detonation of between five and seven torpedo warheads.","None"
"Bristol, Cardiff, Portsmouth, Plymouth, Southampton and Swansea were also bombed, as were the industrial cities of Birmingham, Belfast, Coventry, Glasgow, Manchester and Sheffield.","None"
"Serbian authorities tried and convicted a group of four for the killings, but a retrial was ordered following an appeal in 2014.","Investigation"
"In Whangaruru Harbour, Northland, a samaritan act accounted for another Bola fatality when an elderly male long time resident of Rapata road Oakura Bay attempted to tie down a neighbours empty water tank.","Injury"
"The New Zealand Wars were a series of armed conflicts that took place in New Zealand from 1845 to 1872 between the Colonial government and allied Māori on one side and Māori and Māori-allied settlers on the other.","Attack"
"Investigation by the Ghanaian government's accident investigation commission is ongoing.","Investigation"
"The ""Day of Thirst"" (, ""Yawm al-aṭash"") is the name traditionally given in Arabic historiography to a battle fought in 724 between the Turkic Türgesh khaganate and the Umayyad Caliphate on the banks of the river Jaxartes, in Transoxiana (in modern Tajikistan, Central Asia).","Attack"
"The 1992 Cape Mendocino earthquakes (or 1992 Petrolia earthquakes) occurred along the Lost Coast of Northern California on April 25 and 26.","Disaster"
"The Nationalists won the war, which ended in early 1939, and ruled Spain until Franco's death in November 1975.","Injury"
"Narváez himself led the counterattack against the revolt in Galicia while Fernando de Córdova, captain-general of Catalonia, put down the isolated rebel cells in that region by early 1849.","None"
"One person was also killed in Thailand.","Injury"
"In the 14th-century historical novel ""Romance of the Three Kingdoms"", the campaign is memorable for at least two famous incidents: one is Guan Yu's slaying of Hua Xiong; the other is the three-on-one duel between the three sworn brothers (Liu Bei, Guan Yu, Zhang Fei) and Lü Bu.","Disaster"
"The TTP later confirmed that the attack was a joint operation they executed with the IMU, who independently admitted to having supplied personnel for the attack.","Investigation"
"At that time, a Lebanese identity card documented the holder's religion; this information was used by Phalangist's to identify non-Christians that were passing by the seaside area.","Investigation"
"The fighting took place in the strategically important Transcaucasia region.","Attack"
"It is believed that the craft reached an airspeed of 335 knots, fully 15 percent more than the Viscount's never-exceed speed, and about 5 percent in excess of the maximum speed demonstrated when the plane was certified.","Investigation"
"The affair was investigated by the U.S. Congress and by the three-person, Reagan-appointed Tower Commission.","Investigation"
"The Kurdish-Iranian dispute resurged only in 1989, following the assassination of a KDP-I leader.","Injury"
"In the country, strong winds and heavy rainfall left heavy damage near the coast, as well as to farms further inland.","Disaster"
"The Danes controlled all the river crossings, and the Swedish army was forced to camp on the north side.","None"
"More than 150 people died.","Injury"
"In any case, a total 151 Nigerians, 5 Ghanaians, 1 Tanzanian, 1 Zimbabwean, and 1 Ugandan military officers were confirmed to have died.","Injury"
"In June 2015, a South Carolina grand jury indicted Slager on a charge of murder.","Investigation"
"On February 1, 2017, her nomination was approved by the Senate Committee on Small Business and Entrepreneurship on an 18–1 vote and confirmed by the full Senate on February 14, 2017 by a vote of 81–19.","Investigation"
"The AAIB identified the problem as specific to the Rolls-Royce engine fuel-oil heat exchangers, and Rolls-Royce subsequently developed a modification to its FOHE; the European Aviation Safety Agency (EASA) mandated that all affected aircraft were to be fitted with the modification before 1 January 2011.","Investigation"
"Diefenbaker joined the British Columbia bar to take the case, and obtained Atherton's acquittal.","Investigation"
"The Aroostook War (sometimes called the Pork and Beans War) was a military and civilian-involved confrontation in 1838–1839 between the United States and the United Kingdom over the international boundary between the British colony of New Brunswick and the U.S. state of Maine.","Attack"
"Typhoon Damrey was a compact tropical cyclone, which became the strongest to affect the area north of the Yangtze River since 1949.","Disaster"
"The 2008 Greek riots started on 6 December 2008, when Alexandros Grigoropoulos (), a 15-year-old Greek student, was killed by two special officers in Exarcheia district of central Athens.","Injury"
"Group A preliminary games, as well as the medal rounds, were hosted by the Bell Centre in Montreal.","None"
"On November 28, 1942, it was the scene of the deadliest nightclub fire in history of the United States, claiming a total of 492 lives (which was 32 more than the building's authorized capacity) and injuring hundreds more.","Disaster"
"Minister of Defense José Guillermo García stated that the government had investigated the incident and determined that no massacre had taken place.","Investigation"
"Eight more were killed over the following several days.","None"
"The war was a power struggle between two former liberation movements, the communist People's Movement for the Liberation of Angola (MPLA) and the anti-communist National Union for the Total Independence of Angola (UNITA).","Attack"
"Jellyfish also stung 50 people.","Injury"
"The Concerned Citizens Tribunal Report, estimated that as many as 1,926 may have been killed.","Injury"
"On 25 December 2010, at least 47 people were killed and over 100 others injured, after a female suicide bomber detonated her explosives in a large crowd of people displaced by fighting, who were collecting food at a distribution centre of the World Food Programme in the Pakistani town of Khar, which is located within the Bajaur tribal region, of north-western Pakistan.","Attack"
"The deputies eventually ran out of ammunition and were forced to flee, most of them wounded.","Injury"
"While cruising in the Northern Bay of Biscay, the British Royal Navy frigate HMS ""Thames"", under Captain James Cotes, encountered the much larger French frigate ""Uranie"", under Captain Jean-François Tartu.","Attack"
"In the United States, Hurricane Sandy affected 24 states, including the entire eastern seaboard from Florida to Maine and west across the Appalachian Mountains to Michigan and Wisconsin, with particularly severe damage in New Jersey and New York.","Disaster"
"The protests were fueled by the austerity measures applied in May 2010, but also by the unpopularity of Băsescu-backed Boc government.","Protest"
"On top of this numerous Greek divisions were encircled and destroyed as effective fighting units meaning that the Greek army had lost its offensive capabilities and was unable to organize a controlled retreat, leading to a large number of Greek POWs.","Disaster"
"On 28 December 2013, a Sunni MP named Ahmed al-Alwani was arrested in a raid on his home in Ramadi.","Attack"
"""Stripped"" ran for 23 nights at the Lyric Theatre from November to 23 December 2008.","None"
"Due to nearby Hurricane Edouard, the depression remained disorganized as it tracked westward, though it eventually intensified into Tropical Storm Fran on August 27.","Disaster"
"The bombings were followed by the 2008 Ahmedabad bombings one day later.","Attack"
"The plane, which was from 376th Bomb Group, was believed to have been lost—with its nine-man crew—in the Mediterranean Sea while returning to its base in Libya following a bombing raid on Naples on April 4, 1943.","None"
"It was announced by Richard Branson on 30 October 2017 that V Festival would be discontinued but that a new festival would replace it.","None"
"Total fatalities have been estimated to be a range of different values from 44,000 to between 100,000 and 200,000.","Injury"
"Although damage was heaviest in Myanmar, the cyclone's effects also spread into neighboring Bangladesh, where strong winds knocked over trees and capsized two ships.","Disaster"
"However, they were not able to break into the town, lacking advanced siegecraft, and could only prevent Julian from venturing outside the walls.","Disaster"
"Accelerating toward the northeast, Otto strengthened into a Category 1 hurricane on the Saffir–Simpson scale on October 8, attaining peak winds of 85 mph (140 km/h).","Disaster"
"Many different groups fought to shape the course of the Revolution, and all sections of society were ultimately to be in some way changed by it.","Attack"
"Military operations began in the area of Montauban in late September 1914 during the Race to the Sea, when the II Bavarian Corps and later the XIV Reserve Corps of the German 6th Army, attacked westwards down the Somme valley, to reach Albert, Amiens and the sea.","None"
"The tourists bowled out France for 26 to win the match by 158 runs, a significant margin, but with only five minutes of the match remaining.","None"
"The raids were described by Human Rights Watch as ""one of the world's largest killings of demonstrators in a single day in recent history"".","Attack"
"His location becoming known, a small force was sent after him and the sultan was killed in action in November 1916.","Injury"
"Landslides, rock falls and avalanches caused major damage to the Hindustan-Tibet Road.","Disaster"
"He was, however, widely criticised in the House of Commons, whose July 1920 committee of investigation censured him.","Investigation"
"Despite the issuance of a hurricane warning just eight hours prior to landfall, Jerry caused only three fatalities in Texas, possibly due to the storm's small size; a car fell over the Galveston Seawall, killing its three occupants.","Injury"
"The awards were given out in Zürich on 13 January 2014.","None"
"Among the soldiers are 32 recorded injuries that day, with no deaths.","Injury"
"""In fact, the whole band did, especially the fact that it had these huge inflatable testicles… But I was acting out a character and the audience were getting off on it.","Protest"
"An important moment was the launch of the campaign Sustainable Fish that aims at improving the position of sustainable fish in restaurants.","None"
"The snowstorm was described as the worst blizzard after 1888.","Disaster"
"The raid was more costly to the French than previous frontier raids like that in 1704 on Deerfield, Massachusetts because the province had been warned of the raiders' advance.","Attack"
"Samarra was the site of the bombing of the revered Al-Askari Shiite Shrine on 22 February 2006, that set off a wave of sectarian killing that claimed almost 500 lives.","Attack"
"The Ceremonials Tour was the second concert tour by English indie rock band Florence and the Machine.","None"
"As the system peaked, it performed a small clockwise cyclonic loop within the vicinity of Tikopia island, as a result of the steering flow over the cyclone becoming weak and variable.","Disaster"
"A paper published by the Zambia Meteorological Department asserted that Bonita was the first storm confirmed to have tracked across the African continent from the South-West Indian Ocean to the Southern Atlantic Ocean.","Investigation"
"In response a group of Irish conspirators launched the Irish Rebellion of 1641, which quickly degenerated into a series of massacres of English and Scottish Protestant settlers in Ireland.","Injury"
"On March 16, 2004, an explosion destroyed a corner section of a nine-story Soviet-era apartment building in Arkhangelsk, Russia.","Disaster"
"Karen nationalists have been fighting for an independent state known as Kawthoolei since 1949.","Attack"
"The rest of the accused went on trial in a fast-track court; the prosecution finished presenting its evidence on 8 July 2013.","Investigation"
"The massacre was part of the ""Black War"", the period of violent conflict between British colonists and Aboriginal Australians in Tasmania from the mid-1820s to 1832.","None"
"In 2015, All WCW pay-per-views were made available on the WWE Network.","None"
"A triple homicide was committed in Waltham, Massachusetts in the United States, on the evening of September 11, 2011, the 10th anniversary of the September 11 attacks.","Injury"
"Over the following day, Dolores developed an eye-like feature and attained hurricane status.","Disaster"
"Unusually, the storm hit Florida less than 24 hours before another major hurricane bearing winds struck South Texas; never have two major cyclones hit the United States in such close succession.","Attack"
"War-related famine and disease are thought to have killed up to a third of Munster's pre-war population.","Injury"
"At least 1,023 deaths were attributed to Hurricane Janet, as well as $65.8 million in damages.","Disaster"
"Two activists in the Iraqi Zionist underground were found guilty by an Iraqi court for a number of the bombings, and were sentenced to death.","Injury"
"The earthquake occurred on the Poulter Fault, which was not identified and mapped until 2001.","Investigation"
"Only a few months earlier, the British South Africa Company's Administrator General for Matabeleland, Leander Starr Jameson, had sent most of his troops and armaments to fight the Transvaal Republic in the ill-fated Jameson Raid.","Attack"
"Dean continued northward before making landfall in southeastern Newfoundland.","Disaster"
"The selection of Belarus to host this competition was the subject of much debate, with some politicians in both Europe and the United States calling for the IIHF to move the tournament to another country.","Protest"
"Additionally, all trains operating on the high-speed Northeast Corridor are now equipped with automatic cab signalling with an automatic train stop feature.","None"
"Over the years, clashes between rival ethnic militias have resulted in a large number of casualties and displaced hundreds of thousands of people.","Attack"
"Early investigations found that the train had gone into the curve where it derailed at almost three times the posted speed limit.","Investigation"
"The Demonstration was the last phase of the unsuccessful attempt to establish a constitutional monarchy in France.","Protest"
"A powerful, early season and Cape Verde tropical cyclone that caused significant damage across the Caribbean Sea to Mexico, the storm formed on July 10, 2005, in the central Atlantic Ocean before passing through the Windward Islands on July 14.","Disaster"
"At least 406 homes on the island were flooded, five of which suffered moderate to severe damage.","Disaster"
"Political analysts cited the standoff as a major factor in the continuing downfall of Carter's presidency and his landslide loss in the 1980 presidential election; the hostages were formally released into United States custody the day after the signing of the Algiers Accords, just minutes after American President Ronald Reagan was sworn into office.","Attack"
"Seventeen people were killed on 10 July, and a further eleven were killed or fatally wounded over the following week.","Injury"
"During a failed attempt to escape in May 2011, Batawi and ten other senior al-Qaeda militants were killed by an Iraqi SWAT team.","Injury"
"The flooding began at the end of July triggered by the landfall of Tropical Storm Nock-ten.","Disaster"
"Severe damage in the Gracias a Dios Department left hundreds of people homeless.","Disaster"
"The first major demonstration in Chicago was held on March 10, 2006, and was estimated to have about 100,000 participants.","Protest"
"The city was an important railroad junction and Hengyang Airport was used by USAAC General Claire Lee Chennault's Flying Tigers which were engaged in bombing operations of the Japanese homeland.","Attack"
"During that period, the Khmer Rouge's Democratic Kampuchea continued to be recognised by the United Nations as the legitimate government of Kampuchea, as several armed resistance groups were formed to fight the Vietnamese occupation.","Attack"
"Monis was described by Abbott as having indicated a ""political motivation,"" but the eventual assessment was that the gunman was ""a very unusual casea rare mix of extremism, mental health problems and plain criminality.""","Investigation"
"It was proportionally the most costly major Allied air raid of the war and its date was later referred to as ""Black Sunday"".","Attack"
"Giap then began harassing French positions along RC4 in northern Vietnam with mines and ambushes.","Attack"
"The fifteenth named storm and twelfth hurricane of the active season, it developed from a tropical disturbance about 185 miles (300 km) south of Acapulco on September 17.","Disaster"
"Members of other ethnicities were also killed, such as Serbs deemed disloyal by the local authorities.","Injury"
"There, the storm affected up to 150,000 people, flooded wide tracts of croplands, and killed 25 people.","Disaster"
"In South Korea, eight people were killed and damage figures equated to US$71 million.","Injury"
"In consequence, troops were hastily committed to battle on repeated occasions, increasing Allied losses and ultimately lengthening the battle.","Attack"
"Alwani was a prominent supporter of the anti-government protests.","Protest"
"Members of Vilayat Dagestan, part of Umarov's Caucasus Emirate took credit for the attack on 19 January.","Attack"
"It also stated that the chemical agents used in the Khan al-Assal chemical attack earlier in 2013 ""bore the same unique hallmarks as those used in Al-Ghouta"".","Attack"
"Nineteen were killed in Scotland.","Injury"
"Later, the system became extratropical and passed over Lake Huron, killing three people in Toronto.","Injury"
"140 Legionnaires had been taken prisoner, the remainder being killed or missing in action.","Injury"
"During most of the storm's existence, Amy featured many subtropical characteristics but was not classified as such due to the proximity to land.","Investigation"
"The Aragonese were less numerous though much better trained, and managed to divide the Arborean army into two parts which were then destroyed separately.","Disaster"
"The men—who became known as the Birmingham Six—maintained their innocence and insisted police had coerced them into signing false confessions through severe physical and psychological abuse.","Injury"
"The hurricane was also upgraded into a hurricane based solely on satellite photography, the second time this occurred.","Disaster"
"The next day, 2 damaged Ottoman ships, the ""Kapitana"" (Vice Admiral's ship) and ""Melike Bahri"" were seen close by, and the Russians attacked.","Attack"
"After 15 years in nearby San Jose, the conference moved to San Francisco, where it eventually became Apple's primary media event of the year and regularly sold out.","None"
"But Union Colonel Theodore H. Barrett, newly assigned to command an all-black unit, and never having been in combat, ordered an attack on a Confederate camp near Fort Brown for unknown reasons.","None"
"These hamlets were marked on the U.S. Army topographic maps as Mỹ Lai and Mỹ Khê.","None"
"Widespread crop damage was observed, with rice, cotton, and pecan harvests suffering the worst.","Disaster"
"Unable to reach political accommodation on disputed territory along the 3,225 kilometre- (2,000 mile-) long Himalayan border, the Chinese launched simultaneous offensives in Ladakh and across the McMahon Line on 20 October 1962.","Attack"
"On September 12, explosive intensification took place, and Igor reached Category 4 status on the Saffir–Simpson Hurricane Wind Scale.","Attack"
"Jackson was joined by long-time collaborator Slash during the two concerts.","None"
"Other operations occurred against pockets of the Iraqi Army, including the capture and occupation of Kirkuk on 10 April, and the attack on and capture of Tikrit on 15 April.","Attack"
"Flooding extended west; railway tracks were destroyed in Palm Desert and high winds and severe flooding were recorded in Arizona.","Disaster"
"ISIL's claim of responsibility was not verified, and U.S. officials stated that the attack appears to have been inspired, but not directed, by ISIL.","Investigation"
"The attack was the largest single loss of life since the signing of the Minsk Protocol in September 2014, which attempted to halt the ongoing War in Donbass.","Attack"
"Hezbollah has also been very active to prevent rebel penetration from Syria to Lebanon, being one of the most active forces in the Syrian Civil War spillover in Lebanon.","None"
"The resolution recognized the victims of the explosion and officially exonerated the 50 men court-martialed by the Navy.","Investigation"
"The reputation of the ""ACL"" television show helped contribute to the success of the first festival.","None"
"Final property damage in the United States was $7.5 billion, plus an additional $270 million in the Dominican Republic and $169.5 million in Puerto Rico.","Disaster"
"The war ended with the Kumanovo Treaty, with Yugoslav and Serb forces agreeing to withdraw from Kosovo to make way for an international presence.","Attack"
"It was one of the biggest offensives of World War II, stretching over a 1,000 km (620 mi) front and involving almost 3,500,000 troops from both sides.","Attack"
"The following year, Caesar defeated the last of the Optimates in the Battle of Munda and became ""Dictator perpetuo"" (Dictator in perpetuity or Dictator for life) of Rome.","Attack"
"Croatia indicted 17 persons in connection with the killings, although only two were available to the authorities.","Investigation"
"On the afternoon of 2 August 2005, while landing at Pearson Airport, the Airbus A340-313E operating the route crashed into nearby Etobicoke Creek, approximately beyond the end of the runway.","Disaster"
"British losses were confined to a single man wounded by an accident aboard ""Crescent"".","Injury"
"Israeli Defense Minister Ehud Barak warned that the incident should be a ""wake up call"" for Egypt in dealing with terrorists in the Sinai Peninsula, while Egyptian President Mohamed Morsi vowed to retake the Sinai Peninsula and declared three days of mourning.","Attack"
"At the time, it was the strongest hurricane in the Atlantic since Igor in 2010.","Disaster"
"Cho had previously been diagnosed with a severe anxiety disorder.","Investigation"
"In protest of Morsi's overthrow, his supporters staged large demonstrations in the Nasr City district of Cairo, and in Alexandria, Luxor, Damanhour, and Suez.","Protest"
"Metacom fled to Mount Hope, where he was killed by the militia.","Injury"
"With most of its army in Europe fighting Napoleon, Britain adopted a defensive strategy, with offensive operations initially limited to the border and the western frontier.","Attack"
"After the first leg, it became the highest-grossing tour by a solo artist, earning US$282 million ($ in dollars), breaking the previous record Madonna herself held with her Confessions Tour.","Disaster"
"There were no reports of civilians or Coalition Forces injured or killed as a result of the operation.","Injury"
"Meanwhile, Allied countries continued to lay claim to portions of the quickly crumbling Ottoman Empire.","Disaster"
"The American Indian Wars (also known as the Indian Wars or the First Nations Wars; ) is the collective name for the various armed conflicts that were fought by European governments and colonists, and later by the United States and Canadian governments and American and Canadian settlers, against various American Indian and First Nation tribes.","None"
"The enquiry had little comment to make as this seemed to be a freak accident but advised that, in future, the brakes of all shunted wagons should be immediately pinned down.","Disaster"
"At times, tensions existed between the various Europeans in the Cape region, tensions between Empire administration and colonial governments, and tensions within the Xhosa Kingdom e.g.","None"
"The matter was investigated by the House Government Reform and Oversight Committee, the Senate Judiciary Committee, and the Whitewater Independent Counsel.","Investigation"
"As of October 2012, Indian Mujahideen, a terrorist group based in India, is suspected to be behind the attacks.","Attack"
"The disaster shocked the world and caused widespread outrage over the lack of lifeboats, lax regulations, and the unequal treatment of the three passenger classes during the evacuation.","Disaster"
"Bengali Submariners who had defected from Pakistani submarine PNS Mangro (S133), then based in Toulon in France, led the attacks, and this is also known as Operation Jackpot.","Attack"
"In the following weeks, the suffered from the onset of the Russian Winter.","Injury"
"It is one of many famines to have hit the region in recent times.","Disaster"
"The stage was filled with floral arrangements, with photographs and film of Jackson and the Jackson 5 projected onto screens at the back.","None"
"The tour's 2012 itinerary was confirmed in October 2011 to include an Australian leg from late February to early March as part of the 5-day 2012 Soundwave music festival.","Investigation"
"The deaths mainly occurred from people suffering from internal hemorrhaging or asphyxiation from the crushing against the steel shutters that led down to the street.","Attack"
"Four days later, however, the new figures of the fugitives went down to 29.","None"
"In 1259-1260, the Mongols sieged and captured Sandomierz again, razing the city and massacring its residents.","Disaster"
"The sack of Sandomierz during the first Mongol invasion of Poland took place on 13 February 1241.","Attack"
"Not until the demise of the Comnenian dynasty would the Turks capture a port and it was Umur of Aydın in c. 14th century that constituted the first Turkish threat to Christian shipping in the Aegean since the 11th century.","Disaster"
"During the speech, Obama linked the Seneca Falls Convention, Selma to Montgomery marches and Stonewall riots.","None"
"In August 2009, he was released by the Scottish Government on compassionate grounds after being diagnosed with prostate cancer.","Investigation"
"After almost dissipating on August 10, Irene peaked as a Category 2 hurricane on August 16.","Disaster"
"As a result of the protests, in December 2012, a judicial committee was set up to study and take public suggestions for the best ways to amend laws to provide quicker investigation and prosecution of sex offenders.","Investigation"
"The December 1992 nor'easter produced record high tides and snowfall across the northeastern United States.","None"
"The storm affected the town of Norfolk, where it became the most damaging storm since 1879.","Disaster"
"They defeated Trinidad and Tobago in the semi-finals 1–0 after Craig Forrest saved a first-half penalty.","None"
"Weakening slightly more, it passed over Puerto Rico as a strong Category 3 hurricane.","Disaster"
"Of the 240 people killed during the storm, 135 were workers on the Florida East Coast Railway.","Disaster"
"In the crash, a United States Air Force North American F-100 Super Sabre on a training or test flight from nearby Kadena Air Base suffered an engine fire.","Disaster"
"Offshore of Mississippi, rough seas inundated Horn Island and split Ship Island.","Disaster"
"About six hours later, the system made landfall in Puerto Rico; it remains the only tropical cyclone on record to strike the island at Category 5 intensity, as of 2019.","Attack"
"It spent two consecutive weeks at number one on the Finnish albums chart and was certified platinum for Finnish sales in excess of 30,000 copies.","Investigation"
"The International Criminal Tribunal for the former Yugoslavia (ICTY) was established by the UN to prosecute these crimes.","Investigation"
"In Scotland itself, from 1644–45 a Scottish civil war was fought between Scottish Royalists—supporters of Charles I under James Graham, 1st Marquis of Montrose—and the Covenanters, who had controlled Scotland since 1639 and allied with the English Parliament.","Attack"
"Jewish homes, hospitals and schools were ransacked as the attackers demolished buildings with sledgehammers.","Disaster"
"Although the submersible was eventually recovered by the rescue vessel ""A.B.","None"
"Originating from a disturbance within a monsoon trough in early September, Sarah was first classified as a tropical depression near the Mariana Islands on September 5.","Investigation"
"Gunmen from two of Tehran's Iraqi-based proxies, Kata'ib Hezbollah and Asaib Ahl al-Haq, then carried out the actual attack.""","Attack"
"Total of 28 dates were announced, which would have made it Alizée's second biggest tour after En Concert.","None"
"During the operation, two US ships struck mines and sank while the remaining vessels and aircraft silenced the enemy guns.","Attack"
"Of 127,000 Japanese Americans living in the continental United States at the time of the Pearl Harbor attack, 112,000 resided on the West Coast.","Attack"
"This was later accepted and the Socio Economic and Caste Census 2011 was conducted whose first findings were revealed on 3 July 2015 by Union Finance Minister Arun Jaitley.","None"
"The Warsaw Uprising of 1794 or Warsaw Insurrection () was an armed insurrection by the people of Warsaw early in the Kościuszko Uprising.","Attack"
"The 1989 attack on La Tablada barracks was an assault on the military barracks located in La Tablada, in the province of Buenos Aires, Argentina, by 40 members of ""Movimiento Todos por la Patria"" (MTP), commanded by former ERP leader Enrique Gorriarán Merlo.","Attack"
"At least 5 people die and another 14 were injured after a car exploded in Nahrawan.","Injury"
"Okinawa Governor Hirokazu Nakaima spoke at the ceremony, saying, ""The Okinawa people of the time were deeply saddened by the accident in which the lives of children having dreams and hopes for the future were lost.""","Injury"
"In line with this, he called for an investigation on March 2009 to determine if the event violates that law.","Investigation"
"Both people aboard the aircraft were killed in the accident: New York Yankees pitcher Cory Lidle and his certified flight instructor Tyler Stanger.","Injury"
"This was contested by the train driver, despite the confirmations of the safety and judicial investigations.","Protest"
"Overall structural damage from Cindy was minimal.","Disaster"
"Prime Minister Sándor Wekerle resigned and former Prime Minister István Tisza was murdered.","Injury"
"The Penang Bridge International Marathon or Penang Bridge Marathon is an annual marathon event held in Penang Bridge, Penang, Malaysia.","None"
"The company seized Pakistani soldiers fought against a brigade of Indian soldiers and Mukti Bahini.","Attack"
"The medical examiner mentioned duct tape as one reason she ruled the death a homicide, but officially listed it as ""death by undetermined means"".","Injury"
"The ""male"" then advanced with the support of several Whippet light tanks which had arrived, until disabled by artillery fire and abandoned by the crew.","Disaster"
"All blasts occurred between 7:27 pm and 8:15 pm.","Attack"
"After the murder of some of their fellow prisoners by guards, Kengir inmates launched a rebellion and proceeded to seize the entire camp compound, holding it for weeks and creating a period of freedom for themselves unique in the history of the Gulag.","Injury"
"Szilvásy's letter affirmed that the report remains top secret, for reasons not connected to the crash.","Protest"
"A return to Australasia took place throughout December 2010 and Muse are confirmed as openers for U2's 360° Tour dates in South America in spring 2011 and also played further European shows in the summer of 2011.","Investigation"
"According to the United States government, the crew of USS ""Vincennes"" had incorrectly identified the Airbus as an attacking F-14 Tomcat, a U.S.-made jet fighter that had been part of the Iranian Air Force inventory since the 1970s.","Attack"
"The 1940 Nova Scotia hurricane swept through areas of Atlantic Canada in mid-September 1940.","Disaster"
"The Vikings overcame the Saxons after losing many men, killing Byrhtnoth.","Injury"
"Infantry patrols probed forwards and the British and French forces met at several points in and east of the village, in the early hours of 26 September.","Investigation"
"Uprisings followed elsewhere in the country.","Attack"
"The IAGS has classified the massacres as a genocide.","Investigation"
"Eventually, the Marines ceased their pursuit when their commander was killed and retreated back to their ship due to fatigue and heat exhaustion, with the Formosans dispersing and retreating back into the jungle.","Injury"
"No one was injured.","Injury"
"Chesney co-headlined the stadium shows with Zac Brown Band.","None"
"Alfred Smuth has called the battle ""the greatest single battle in Anglo-Saxon history before Hastings"".","Attack"
"The reactor explosion killed two of the reactor operating staff.","Injury"
"Commissioner Anthony W. Batts reported that, contrary to department policy, the officers did not secure him inside the van while driving to the police station; this policy had been put into effect six days prior to Gray's arrest, following review of other transport-related injuries sustained during police custody in the city, and elsewhere in the country during the preceding years.","Injury"
"While paralleling the Hawaiian Islands on August 16, Hiki strengthened into a hurricane.","Disaster"
"The 2010 Gascoyne River flood was regarded as the most severe flood to take place along the Gascoyne River in Western Australia on record.","Disaster"
"The attacks were motivated by xenophobia.","Attack"
"Secret Service agents wounded Collazo.","Injury"
"Months after the hurricane season, when the National Hurricane Center was performing its annual review of the season and its named storms, forecasters Jack Beven and Eric Blake identified this previously unnoticed subtropical storm.","Disaster"
"Since both the Paddington and Southall crashes had reopened public debate on ATP, a separate joint inquiry considering the issue in the light of both crashes was also held in 2000; it confirmed the rejection of ATP and the mandatory adoption of a cheaper and less effective system, but noted a mismatch between public opinion and cost-benefit analysis.","Investigation"
"The statement was issued in connection with the death of Rustam Asildarov, who was allegedly involved in the Makhachkala attack.","Injury"
"In addition to the natural gains of land, and wealth and manpower received from these victories, the Byzantines also inflicted a psychological defeat on their opponents by recapturing territory deemed holy and important to Christendom, in particular the city of Antioch—allowing Byzantium to hold two of Christendoms' five most important Patriarchs, those making up the Pentarchy.","Injury"
"Hurricane Babe was the second named storm and the first to impact the United States during the below-average 1977 Atlantic hurricane season.","Disaster"
"After turning northeastward, the system began an extratropical transition, which it completed shortly after striking southern Newfoundland.","Attack"
"Historian Carol Berkin argues that the episode in the long run strengthened American nationalism because the people appreciated how well Washington handled the rebels without resorting to tyranny.","Protest"
"At least 100 people were injured.","Injury"
"The crime remains unsolved.","None"
"The Spanish conquest of Petén was the last stage of the conquest of Guatemala, a prolonged conflict during the Spanish colonisation of the Americas.","Attack"
"The assassination of Mahmoud al-Mabhouh (, ; 14 February 1961 – 19 January 2010) was an assassination that took place on 19 January 2010, in a hotel room in Dubai.","Injury"
"The attack is controversial and the motives of the British are debated.","Attack"
"Dianmu caused four fatalities and considerable damage across southern and eastern Japan.","Disaster"
"Despite extensive investigations, the perpetrator was never identified, and various theories on the killer's identity have been presented over the years.","Investigation"
"The tenth tropical cyclone, fourth named storm, and second hurricane of the otherwise inactive 1977 Pacific hurricane season, it developed on August 13.","Disaster"
"""Basque conflict"" is preferred by Basque nationalist groups, including those opposed to ETA violence.","None"
"Two of the 123 people on board suffered minor injuries.","Injury"
"This caused Alexander to turn south, advancing through southern Punjab and Sindh, along the way conquering more tribes along the lower Indus River, before finally turning westward.","None"
"The 2014 Israel–Gaza conflict also known as Operation Protective Edge (, ""Miv'tza Tzuk Eitan"", lit.","Attack"
"Five Israeli commandos were wounded and one, unit commander Lt. Col. Yonatan Netanyahu, was killed.","Injury"
"Over 200 people were wounded.","Injury"
"The World Health Organization (WHO) has identified H7N9 as ""...an unusually dangerous virus for humans.""","Investigation"
"By 1910, the Kingdom of Portugal was in deep crisis: British pressure on Portugal's colonies, the royal family's expenses, the assassination of the King and his heir in 1908, changing religious and social views, instability of the two political parties (Progressive and Regenerador), the dictatorship of João Franco, the independence movement of its most valuable colony, Brazil, and the regime's apparent inability to adapt to modern times all led to widespread resentment against the Monarchy.","Injury"
"Locally heavy rainfall and rough seas led to minor damage while strong winds lead to extensive damage on the north side of the island.","Disaster"
"The attack took place in the Adezai locality of Peshawar; 37 people were killed and at least 45 were wounded.","Injury"
"Originating from a disturbance in the Intertropical Convergence Zone in late-August, Uleki was identified as a tropical depression well to the southeast of Hawaii on August 28.","Investigation"
"Manou injured 85 and killed 89 people throughout Madagascar.","Injury"
"Bejisa killed one person on the island due to head trauma, and there were 16 injuries.","Injury"
"The elderly German Emperor Frederick Barbarossa also responded to the call to arms, leading a massive army across Anatolia, but he drowned in a river in Asia Minor on 10 June 1190 before reaching the Holy Land.","Injury"
"The first area affected by Diane was North Carolina, which suffered coastal flooding but little wind and rain damage.","Disaster"
"On August 5, 2012, a mass shooting took place at the gurdwara (Sikh temple) in Oak Creek, Wisconsin, United States where 40-year-old Wade Michael Page fatally shot six people and wounded four others.","Injury"
"After a trial that lasted for three days, the jury deliberated for 8 hours before returning a not guilty verdict, acquitting Hendrix of both charges.","Investigation"
"It weakened to a Category 2 hurricane late on August 31, and remained at that intensity until landfall on the morning of September 1 near Cocodrie, Louisiana.","None"
"Specifically, U.S. officials say that members of Iran's Islamic Revolutionary Guard Corps ""helped plan and direct the assault on the camp...","Attack"
"Flooding affected roads and low-lying areas along the Potomac River.","None"
"Additionally, 66 trailers were destroyed and 88 were inflicted with major damage.","Disaster"
"It was fought on the extreme southern flank of the Spremberg-Torgau Offensive, seeing days of pitched street fighting between forces of the Communist Polish Second Army under elements of the Soviet 52nd Army and 5th Guards Army on one side and elements of German Army Group Center in the form of the remnants of the 4th Panzer and 17th armies on the other.","None"
"As a tropical cyclone, Bertha's impact was relatively minor.","None"
"The team later said they could not confirm claims that multiple soldiers took part in the killings.","Investigation"
"According to various analysts, the protests are the most challenging events for Erdoğan's ten-year term and the most significant nationwide disquiet in decades.","Protest"
"At least 50 people were killed and more than 100 others injured.","None"
"Allied losses numbered 3,129 British and 2,038 Portuguese dead or wounded.","Injury"
"After the attack at Mers-el-Kébir and the Battle of Dakar, French aircraft raided Gibraltar in retaliation and Marshal Philippe Pétain, who had become the prime minister of France on 16 June, severed diplomatic relations with the United Kingdom.","Attack"
"Hurricane Easy was one of two major hurricanes to strike Florida during the year; the other was Hurricane King which affected Miami.","Attack"
"After the partnership between Ken West and Vivian Lees was dissolved in 2011, Lees sold his stake in the event to Australian DJ and music promoter AJ Maddah, who was the co-promoter with American festival promoter C3 Presents from 2013 to 2014.","Disaster"
"The Israeli airstrikes and ground bombardment, the Palestinian rocket attacks and the ground fighting resulted in the death of thousands of people, the vast majority of them Gazans.","Attack"
"After 25 July, Turkey stopped its airstrikes on ISIL but continued with those against the PKK.","Attack"
"At Sidi Rezegh, on 23 November, the 5th South African Brigade was destroyed by German tanks and artillery after inflicting many German tank casualties.","Disaster"
"Tropical Storm Hermine caused significant flooding in Mexico during September 1980.","Disaster"
"Wilma made several landfalls, with the most destructive effects felt in the Yucatán Peninsula of Mexico, Cuba, and the U.S. state of Florida.","None"
"Cindy brought a total of eleven tornadoes with it, of which two caused minor damage in North Carolina.","Disaster"
"Desiring a quick surrender, the Germans began a terror bombardment to destroy the morale of the civilian population on 23 August.","Disaster"
"A train en route to Cairo from Sohag derailed, leaving at least 19 people dead and 120 injured.","Injury"
"The contemporary investigations in both the United Kingdom and the United States into the precise causes of the ship's loss were obstructed by the needs of wartime secrecy and a propaganda campaign to ensure all blame fell upon Germany.","Investigation"
"It was the Chiefs' first victory in the competition from their second final.","None"
"Linjeflyg Flight 618 was a crash of a Vickers 838 Viscount during approach to Stockholm Bromma Airport at 09:05 on 15 January 1977.","Disaster"
"However, several body parts were found in the ruins, and subsequent DNA analyses determined that the young girl and her grandfather were both among those killed in the explosion.","Injury"
"In Ramadi, a car bomb killed at least 6 people and another 10 were wounded.","Injury"
"Amidst this backdrop, a war between Georgia and separatists left parts of the former South Ossetian Autonomous Oblast under the ""de facto"" control of Russian-backed but internationally unrecognised separatists.","Attack"
"Some complained that the jury misunderstood the meaning of reasonable doubt, while others said the prosecution relied too heavily on the defendant's allegedly poor moral character because they had been unable to show conclusively how the victim had died.","Injury"
"Winds from the cyclone reached 157 km/h (98 mph) in Myanmar, occurring in conjunction with heavy rainfall and a high storm surge.","Disaster"
"The Danes assumed that the Swedes had gone into winter camp and that they would not attack until spring.","Attack"
"The remnants of Igor were later absorbed by another extratropical cyclone over the Labrador Sea on September 23.","Disaster"
"Their leaders argued that there was no evidence of weapons of mass destruction in Iraq and that invading that country was not justified in the context of UNMOVIC's 12 February 2003 report.","Attack"
"The United Nations Interim Force in Lebanon (UNIFIL) confirmed Israel's position, adding that Israel had informed them of the border work beforehand.","Investigation"
"Property damage also resulted from the strong winds.","Disaster"
"The aircraft assigned to the flight was a Boeing 377 Stratocruiser named ""Romance Of The Skies"", and the crash killed all 36 passengers and 8 crew members.","Disaster"
"Summoning ships from the surrounding region, the British commander, Captain Volant Vashon Ballard amassed a significant squadron and forced the French flûtes to anchor in a protected bay at Anse à la Barque, on the southeastern coast of Guadeloupe.","None"
"That treaty, however, was soon undermined by renewed fighting in the Peloponnese.","Disaster"
"The ambush left three soldiers dead.","Attack"
"A medical examination following the accident diagnosed sleep apnea, which had hampered his ability to fully adjust his sleep patterns to the morning shift which he had begun working two weeks earlier.","Investigation"
"On August 12, Rananim moved ashore in China, and it dissipated three days later.","None"
"The Halloway massacre occurred in August 1857 near the head of the Humboldt River and present day Wells, Nevada.","Disaster"
"After protracted litigation in the UK and Germany, the High Court in London ordered a second inquest in 2010, and in 2012 the Frankfurt Higher Regional Court ordered the Wiesbaden police to reopen their investigation.","Investigation"
"Early in its existence, Hellen's rainfall in Mozambique destroyed hundreds of houses and a bridge.","Disaster"
"The French attacked Vimy Ridge and the British attacked further north in the Battle of Aubers Ridge (9 May) and the Battle of Festubert The battle was fought during the German offensive of the Second Battle of Ypres which the Germans ended to reinforce the Artois front.","Attack"
"After passing the decree, the government instituted mass arrests of communists, including all of the Communist Party parliamentary delegates.","None"
"On 22 April an announcement was made to confirm the first set of acts playing.","Investigation"
"Hazel affected Virginia, Washington, D.C., West Virginia, Maryland, Delaware, New Jersey, Pennsylvania, and New York; it brought gusts near and caused $281 million (1954 USD) in damage.","Disaster"
"It was the largest earthquake to occur in the contiguous United States since the 1971 San Fernando earthquake eight years earlier.","Disaster"
"On 27 and 28 June and again on 7 July heavy rain events occurred from powerful thunderstorms that gathered strength as they travelled across mainland Britain.","Disaster"
"As they passed head-on, Rodriguez identified it as an Iraqi, and each pilot turned left to engage the other.","Investigation"
"Tropical Cyclone Gretelle was a deadly storm that struck southeastern Madagascar in January 1997.","Attack"
"The bombardment killed 1,297 French servicemen, sank a battleship and damaged five ships, for a British loss of five aircraft shot down and two crewmen killed.","Attack"
"King Albert I the Belgian Commander in Chief, saw that the Germans had strengthened most of their positions south of Antwerp and reduced the attack to an operation against , which had advanced from Brussels towards Dendermonde.","Attack"
"The internal conflict in Peru is an ongoing armed conflict between the Government of Peru, the Communist Party of Peru (also known as ""Shining Path"" or ""PCP-SL"") and the Túpac Amaru Revolutionary Movement.","Attack"
"The EPLF attacked the ELF when it appeared that the ELF were attempting to negotiate a peace deal with the enemy Soviet and Ethiopian governments.","Attack"
"Various reports suggest that over 100 al-Nusra fighters were killed, which makes the ambush a major victory for Hezbollah.","Injury"
"The U.S. soldiers experienced an unusually high number of severe cases of combat stress reaction.","Attack"
"The injuries included fractures, lacerations and spinal injuries.","Injury"
"These were unsuccessful, however; on 3 March 1974, the rear cargo door of Turkish Airlines Flight 981 blew open for the same reason, causing the aircraft to go out of control and crash in a forest near Paris, France.","Disaster"
"Bayern suffered two injuries in the first half to defender Björn Andersson and striker Uli Hoeneß, following strong tackles by Leeds players.","Injury"
"On October 31, 2013, the U.S. Attorney for the Middle District of Georgia announced that his office would open a formal review into Johnson's death.","Investigation"
"On 18 September, the constitutional Government of Estonia captured the government buildings in Tallinn from the Germans and the city was abandoned by the German forces by 22 September.","Attack"
"High waves destroyed one house in North Carolina.","Disaster"
"Nidal Hasan, a U.S. Army major and psychiatrist, fatally shot 13 people and injured more than 30 others.","Injury"
"In Australia and New Zealand, ticket sales grossed US$15.7 million, with all 190,000 tickets sold for eighteen shows held in Australia and New Zealand.","None"
"The Glorious First of June demonstrated a number of the major problems inherent in the French and British navies at the start of the Revolutionary Wars.","Protest"
"It was the first shooting at the White House since Francisco Martin Duran's attempted assassination of President Bill Clinton in 1994.","Injury"
"Various political organizations supported the demonstrations, including the Tamarod movement formed by members of the Egyptian Movement for Change, which claimed to have collected 22 million signatures calling for Morsi's resignation.","Protest"
"When Israel included Khdeir in its Victims of Acts of Terror Memorial at Mount Herzl, the family obtained its immediate removal.","Disaster"
"Governor John Hickenlooper declared a disaster emergency on September 12, 2013, in 14 counties: Adams, Arapahoe, Broomfield, Boulder, Denver, El Paso, Fremont, Jefferson, Larimer, Logan, Morgan, Pueblo, Washington and Weld.","Disaster"
"The operation was a follow-up operation of Operation Anaconda and was meant to kill or capture the remaining Al-Qaida and Taliban rebels.","Injury"
"The 2011 Israeli social justice protests (), which are also referred to by various other names in the media, were a series of demonstrations in Israel beginning in July 2011 involving hundreds of thousands of protesters from a variety of socio-economic and religious backgrounds opposing the continuing rise in the cost of living (particularly housing) and the deterioration of public services such as health and education.","Protest"
"Col. Gen. Valery Baranov, the commander of the Russian military in the northern Caucasus was gravely wounded.","None"
"However, it was announced on October 5, 2017 that non-criminal, internal disciplinary trials for the officers will be prosecuted by a three person-panel chaired by someone from another Maryland police agency, likely Prince George's County, and that outside lawyer and former chair of the Baltimore City School Board Neil Duke will serve on the panel as well.","Investigation"
"On August 5, the tropical storm strengthened to the equivalent of a Category 1 hurricane, while positioned over The Bahamas.","Disaster"
"They defeated five consecutive crusades proclaimed against them by the Pope (1420, 1421, 1422, 1427, 1431), and intervened in the wars of neighboring countries.","Attack"
"However, it ended a century of political dispute by confirming the primacy of Parliament over the Crown, a principle established in the Bill of Rights 1689.","Investigation"
"An earlier independent report commissioned by the union detailed that companies associated with Williamson and his family had allegedly fraudulently received more than $5 million from HSUeast in the period from 2006 to 2011.","None"
"Those associated with the losing Republicans who stayed were persecuted by the victorious Nationalists.","Injury"
"In addition, an American newsreel titled ""Chinese troops drive Japs from Changteh"" showed Chinese troops firing, with dead and captured Japanese on display.","Injury"
"While flying at 33,000 ft, the aircraft's speed gradually decreased until it entered an aerodynamic stall.","None"
"It led to the resignation of the Governor of Guerrero, Ángel Aguirre Rivero, in the face of statewide protests.","Protest"
"Hurricane Katrina was a late-forming tropical cyclone that impacted portions of the Greater Antilles and Bahamas in November 1981.","Disaster"
"The Viking forces were led by a Norse chieftain named ""Reginherus"", or Ragnar, who traditionally has been identified with the legendary saga character Ragnar Lodbrok (Old Norse: ""Ragnarr Loþbrók"", contemporary Icelandic: ""Ragnar Loðbrók"").","Investigation"
"Frustrated by under-representation in Parliament despite winning 54% of the vote in the July 1963 election, the mainly African Afro-Shirazi Party (ASP) allied itself with the left-wing Umma Party, and early in the morning of 12 January 1964 ASP member John Okello mobilised around 600–800 revolutionaries on the main island of Unguja (Zanzibar Island).","None"
"Once the British had attacked the city, they then proceeded to a full-scale invasion to restore the authority of the khedive.","Attack"
"Heavy rainfall lead to flooding, which in turn caused hundreds to flee their homes, and resulted in 5 fatalities.","Disaster"
"Forming as tropical depression on January 25, Arthur rapidly intensified into a strong Category 2 cyclone on the Australian intensity scale according to the Regional Specialized Meteorological Centre in Nadi, Fiji.","None"
"A second former WCW star, and graduate of the Wild Samoan Training Center, Billy Kidman beat Low Ki, and The Tonga Kid and The Hungarian Barbarian defeated The Twin Tackles (Gene Snisky and Robb Harper), accompanied by Bill Alfonso, in a non-title match for the WXW Tag Team Championship.","Injury"
"The resulting damage was extensive, with monetary losses reaching A$50 million (US$45 million).","Disaster"
"Though a bloodless ""battle,"" the failure of the British pursuit had enormous political and military ramifications.","Attack"
"The Abbasid invasion of Asia Minor in 782 was one of the largest operations launched by the Abbasid Caliphate against the Byzantine Empire.","Attack"
"In October 2002, Congress authorized President Bush to use military force against Iraq should he choose to.","None"
"Although the helicopter's loss was initially blamed on enemy action, a subsequent inquiry found ""Cardiff""s missile to be the cause.","Investigation"
"It was the first Shield match to be held at the Millennium Stadium following the closure of Wembley Stadium for reconstruction.","None"
"Prior to the massacre, four to five thousand students from various universities had demonstrated for more than a week against the return of former military dictator Thanom Kittikachorn to Thailand from Singapore.","Protest"
"Afterwards, they killed several Croat civilians who were undergoing treatment at the Dvor medical centre.","Injury"
"Flooding caused catastrophic destruction to Ocotillo, and six people drowned.","Disaster"
"Over three lakh people have been hit after incessant rains in Assam and other north eastern states of India.","None"
"Militant rocketry also killed 13 Gazan civilians, 11 of them children.","Injury"
"Five Palestinians were killed during the military operation.","Injury"
"Pitre was later identified as coming to the airport by taxi wearing a dark dress and spotted by a local journalist.","Investigation"
"Once the Ionian revolt was finally crushed by the Persian victory at the Battle of Lade in 494 BC, Darius began plans to subjugate Greece.","Attack"
"It later dropped 10 to 20 inches (255 to 510 mm) of rainfall in the Miami metropolitan area, causing urban flooding unseen since Hurricane Dennis in 1981.","Disaster"
"Very strong winds resulted in severe damage in Puerto Rico; 24,728 homes were destroyed and 192,444 were damaged throughout the island, leaving over 500,000 people homeless.","Disaster"
"It tracked westward into an area with conditions favorable for further development, and quickly intensified into a hurricane by late on August 30.","Disaster"
"Beginning with an enrollment of 850 people, the ""army"" made a difficult cross-country journey by foot following the refusal of railroads to transport the protestors.","Attack"
"Three days after the crash, Aaliyah's remains were returned to the United States.","Disaster"
"He ordered that all Castilian soldiers were to be killed, but some were able to escape the attack after ransacking houses, and looting and burning shops.","Injury"
"According to the official version, Alekseychik was fired from his natural gas technician job several days prior to the explosion, and to get even with his former employers and the city he sabotaged the gas system thus causing the tragedy.","Disaster"
"Three Iranian armored regiments advanced towards Iraqi forces that had invaded Iranian territory between the cities of Ahvaz, Susangerd and Dezful.","Attack"
"Strong winds caused widespread damage in northern Honduras.","Disaster"
"He was assassinated in obscure circumstances in 681 BCE, apparently by his eldest son (his designated successor, Esarhaddon, was the youngest).","Injury"
"The 1867 Manhattan earthquake struck Riley County, Kansas, in the United States on April 24, 1867 at 20:22 UTC, or about .","Disaster"
"The storm quickly weakened inland and dissipated by the following day.","Disaster"
"The incident is now widely believed by many to be a turning point in the nation's history as the future of both the Islamists and Egypt's stability remain shadowed and unclear with several violent clashes and other bombings taking place across the country following its ban.","Attack"
"It moved inland and dissipated on October 6.","None"
"The changeover between Ecgberht and Ealhmund cannot be dated more precisely than 779–784.","None"
"Notably, Shawn Michaels would continue to feud with Randy Orton over the WWE Championship, which led to a match at Survivor Series for the championship, which Orton won.","None"
"A collision occurred derailing the runaway in such a way that it fouled the main line just as the 16:15 Manchester to Crewe express approached, drawn by two locomotives, LNWR Waterloo Class 2-4-0 No 418 ""Zygia"" and Experiment Class No 518 ""Express"".","Attack"
"On 16 October, severe fighting broke out in the center of Borodino Field.","None"
"The crash was the third of four involving a Capital Airlines Vickers Viscount in less than two years; the other three were Capital Airlines Flight 67 (April 1958) Capital Airlines Flight 300 (May 1958) and Capital Airlines Flight 20 (January 1960).","Disaster"
"Subsequently, public protests against the state and central governments for failing to provide adequate security for women took place in New Delhi, where thousands of protesters clashed with security forces.","Attack"
"Beyond the specific demands regarding education, there is a feeling that the protests reflect a ""deep discontent"" among some parts of society with Chile's high level of inequality.","Protest"
"All three were convicted and sentenced to death in August, 2009 by a special POTA court in Mumbai.","Injury"
"It moved northwestward and strengthened into a tropical storm on August 25, after becoming nearly stationary southeast of Bermuda.","Disaster"
"The Battle of Rio Hill was a skirmish in the American Civil War in which Union cavalry raided a Confederate camp in Albemarle County, Virginia.","Attack"
"The men were killed after betraying their trust with members of the gang.","Injury"
"Typhoon Rammasun, known in the Philippines as Typhoon Florita, was the first of four typhoons to contribute to heavy rainfall and deadly flooding in the Philippines in July 2002.","Disaster"
"This resulted in the death of hundreds of thousands of civilians and the indictment of Sudan's president, Omar al-Bashir, for genocide, war crimes, and crimes against humanity by the International Criminal Court.","Injury"
"Darwin was lightly defended relative to the size of the attack, and the Japanese inflicted heavy losses upon Allied forces at little cost to themselves.","Attack"
"After developing into a tropical depression, it gradually strengthened and was upgraded to Tropical Storm Edouard on August 4.","Disaster"
"On 16 March 2012, the Attorney General's Office of Nuevo León confirmed that 37 prisoners had actually escaped on the day of the massacre.","Investigation"
"The Apple Worldwide Developers Conference (WWDC, also known as Dub Dub) is a conference held annually by Apple Inc. in San Jose, California.","None"
"On August 14, the storm was downgraded into a tropical depression approximately west of Point Ensenada.","None"
"Nelson, who had been wounded at the Battle of the Nile, became involved in Neapolitan politics and encouraged King Ferdinand to go to war with France, resulting in the loss of his mainland kingdom.","None"
"Among its participants are Brian Duffy's Modified Toy Orchestra, The Sancho Plan, Martyn Ware, the founding member of Heaven 17 and The Human League, with his 3D sound system from The Illustrious Company, which he runs with Vince Clarke, body>data>space, Future Shorts and others.","None"
"Less than a day after the attack began, a sudden, very heavy thunderstorm—possibly a hurricane—put out the fires.","Attack"
"The pilot, Lieutenant Commander Scott Speicher, was killed.","Injury"
"Two of the attackers were killed, while a third, Kōzō Okamoto, was captured after being wounded.","Injury"
"The Battle of Largs (2 October 1263) was an indecisive engagement between the kingdoms of Norway and Scotland, on the Firth of Clyde near Largs, Scotland.","Attack"
"This is despite having extensive fire in parts of the country over the last 12 months.","Disaster"
"In 1992, his former girlfriend, Kathy Etchingham, asked British authorities to reopen the investigation into Hendrix's death.","Injury"
"Ten Iraqi soldiers and one French civilian were killed.","Injury"
"The battle took place mere days after the Battle of Tolentino on the 3rd May 1815.","Attack"
"The next day Jasmine entered an area of vertical wind shear, which consequently weakened the cyclone and caused its eye to expand.","Disaster"
"The deaths of at least eleven people were attributed to Ernesto, which dumped heavy rains throughout its path, especially in the Mid-Atlantic region of the United States.","Injury"
"The missing were presumed dead as officials ordered locals to stop searching for survivors or bodies to prevent the spread of disease.","Injury"
"An interracial official city commission was convened to investigate causes, and issued a report that urged an end to prejudice and discrimination.","Investigation"
"The Tuareg Rebellion of 2012 was an early stage of the Northern Mali conflict; from January to April 2012, a war was waged against the Malian government by rebels with the goal of attaining independence for the northern region of Mali, known as Azawad.","Attack"
"The deception was soon exposed by the Lytton Report of 1932, leading Japan to diplomatic isolation and its March 1933 withdrawal from the League of Nations.","None"
"A South Korean-led official investigation carried out by a team of international experts from South Korea, the United States, the United Kingdom, Canada, Australia, and Sweden presented a summary of its investigation on 20 May 2010, concluding that the warship had been sunk by a North Korean torpedo fired by a midget submarine.","Investigation"
"Kennedy and Huey Long of Louisiana (in 1935) are the only two sitting United States Senators to be assassinated.","Injury"
"While rumors of a warning of the event having been posted on the Internet circulated, student witnesses identified the shooter as Thomas ""T.","Investigation"
"However, epidemiological studies analyzing the rate of cancer in and around the area since the accident, determined there was a small statistically non-significant increase in the rate and thus no causal connection linking the accident with these cancers has been substantiated.","Investigation"
"As the stalemate continued in terrible conditions through the summer, reinforcements began to arrive to replace the large number of casualties suffered by the EEF during the previous fighting for Gaza, while several additional divisions also arrived.","Injury"
"The US first mounted a seaborne, small-scale air raid on Tokyo in April 1942.","Attack"
"The left wing impacted ground and the aircraft cartwheeled wing-over-wing and caught fire, killing seven people on board: two crewmembers and five passengers.","Injury"
"Control of the aircraft was subsequently lost, resulting in a stall and uncontrolled descent into the sea.","None"
"By April 2, South Vietnam had lost control of the northern provinces, as well as two army corps.","None"
"The storm moved north-northwestward, becoming a hurricane before striking Cuba on October 16.","Attack"
"The shoot-down occurred in the War in Donbass, during the Battle of Shakhtarsk, in an area controlled by pro-Russian rebels.","Attack"
"At least 35 people were killed at a resort on Ilha Grande: about forty people were staying in the hotel which was buried under a mudslide, and the death toll is expected to rise further.","Injury"
"Scholars continue to debate the historical significance of the war.","Attack"
"The survivors said that most of the gunmen wore police uniforms and it is suspected that they were members of the Ulster Special Constabulary.","Investigation"
"This allowed the partly molten, high-pressure gas- and steam-rich rock in the volcano to suddenly explode northwards toward Spirit Lake in a hot mix of lava and pulverized older rock, overtaking the avalanching face.","Disaster"
"The festival is held over four days every March, attracting footfall of over 60,000 from around 1500 colleges all over the world.","None"
"The Union Pacific Coal Department found it economically beneficial to give preference in hiring to Chinese miners, who were willing to work for lower wages than their white counterparts, angering the white miners.","Attack"
"The majority of the Neapolitans fled as soon as the battle started, with the Austrians eventually taking over 1,000 prisoners.","Attack"
"On 5 July, Northumbria Police announced that Durham Prison had told them three days earlier that Moat intended to harm his girlfriend.","Injury"
"Cherbourg was captured on June 26, but by this time the Germans had destroyed the port facilities, which were not brought back into full operation until September.","Disaster"
"The 2009 Lahore bombing, at police headquarters in Lahore, Pakistan on 27 May 2009, killed at least 35 people and injured 250.","Injury"
"The earthquake was especially destructive in the epicentre town, Pichilemu, capital of Cardenal Caro Province.","Disaster"
"Police arrested more than 190 demonstrators who crossed police lines in front of the Capitol.","None"
"Both Milošević and Hadžić died before their trials could be completed.","Injury"
"In the fictional ""Star Trek"" universe, the Dominion War is a conflict between the forces of the Dominion, Cardassian Union and, later, the Breen Confederacy against the Alpha Quadrant alliance of the United Federation of Planets, the Klingon Empire and, later, the Romulan Star Empire.","Attack"
"The operation involved more Japanese troops than any other campaign in the Second Sino-Japanese war.","Attack"
"Violence, which sometimes betrayed exceptional cruelty, was inflicted on both sides, on British officers, and civilians, including women and children, by the rebels, and on the rebels, and their supporters, including sometimes entire villages, by British reprisals; the cities of Delhi and Lucknow were laid waste in the fighting and the British retaliation.","None"
"Protests have included massive non-violent marches, but also a considerable amount of violence on the part of a side of protestors as well as riot police.","Protest"
"The base of the peak lies at 2800m altitude and it takes a four-hour ice climb up a glacier to reach the top.","None"
"The city center, which mostly dated from medieval times, was totally destroyed in a firestorm.","Disaster"
"They refused and, in the confrontation that followed, police shot and wounded several of the men.","Injury"
"It was the sixth named storm, fourth hurricane, and first major hurricane of the season, developed from a tropical wave in the tropical Atlantic Ocean on August 25.","Disaster"
", local courts had not prosecuted anyone for the killings, and no members of the SDG had been prosecuted for any crimes the unit carried out in Bijeljina or elsewhere in Croatia or Bosnia and Herzegovina.","Injury"
"The Ghost Stories Tour was an intimate concert tour by British band Coldplay, consisting of nine shows at a handful of low-key venues, during eight non-consecutive months in 2014, reaching North America, Europe, Asia and Oceania.","None"
"In 179 BC King Philip V of Macedon died and was succeeded by his ambitious son Perseus.","Injury"
"In Guerrero alone, around 30,000 homes were damaged and 46 rivers overflowed their banks.","Disaster"
"Juigné was among the first.","None"
"At the time of the battle, Sparta and Athens were the two largest city-states in Greece.","Attack"
"Authorities identified the perpetrator as Oksana Aslanova.","Investigation"
"As a result of this strategic offensive, Wehrmacht's Army Group South was split into two parts- north and south of the Carpathian Mountains.","Attack"
"Initially forecast to stay offshore, the depression headed northward and strengthened into a tropical storm that same day.","Disaster"
"In anticipation of the Spanish entering the war on the French side, the British attacked Spanish colonies.","Attack"
"In the rout that followed 400 of the rebels were killed and their army scattered for the loss of no more than half a dozen of the military.","Injury"
"By 28 June, the German Fourth Army had been destroyed, along with most of the Third Panzer and Ninth Armies.","Disaster"
"It was fought near ""Paardeberg Drift"" on the banks of the Modder River in the Orange Free State near Kimberley.","Attack"
"Brian killed 40 people and inflicted 837 million Renminbi (US$222 million) in damage throughout Hainan before impacting Vietnam and causing further damage.","None"
"The battles resulted in the deaths of between 20,000 and 40,000 people and the enslavement of tens of thousands of Māori and significantly altered the ""rohe"", or tribal territorial boundaries, before the imposition of colonial government in the 1840s.","Injury"
"The Chappaquiddick incident became national news that influenced Kennedy's decision not to run for President in 1972 and 1976, and it was said to have undermined his chances of ever becoming President.","Disaster"
"The train was trapped and burnt with almost all passengers aboard including cargo while only a few managed to save themselves.","Injury"
"With 189 fatalities, Flight 301 is the deadliest aviation accident involving a Boeing 757, as well as the deadliest to occur in the Dominican Republic.","Disaster"
"The campaign ended on 6 October with Germany and the Soviet Union dividing and annexing the whole of Poland under the terms of the German–Soviet Frontier Treaty.","None"
"This will was later confirmed at Sariñena on 4 September 1134.","Investigation"
"Felix formed from a tropical wave on August 31, passing through the southern Windward Islands on September 1 before strengthening to attain hurricane status.","Disaster"
"In total 48 people died, of which 19 were men, 6 were women and 23 were children aged 8–17.","Injury"
"Succession struggles ensured that Granada was in an almost constant low-level civil war.","Attack"
"The National Yo-Yo League is the officially recognized organizing body for the United States competitive yo-yo circuit.","None"
"The first clashes occurred in the late 9th century, in which the Hungarians were pushed west.","Attack"
"Initially the U-boat campaign was directed against the British Grand Fleet.","None"
"Canada's Hundred Days is the name given to the series of attacks made by the Canadian Corps between 8 August and 11 November 1918, during the Hundred Days Offensive of World War I.","None"
"The massacre in Rock Springs was one among several instances of violence culminating from years of anti-Chinese sentiment in the United States.","Injury"
"All 309 passengers and crew on board the Airbus survived, but twelve people sustained serious injuries.","Injury"
"The investigation revealed that the causes of the accident were twofold.","Investigation"
"The two Mark IV females were damaged and forced to withdraw but the male tank, armed with 6-pounder guns, hit and disabled the lead A7V, which was then abandoned by its crew.","Attack"
"At the time, Loznica was part of the German-occupied territory of Serbia, which included Serbia proper, with the addition of the northern part of Kosovo (around Kosovska Mitrovica), and the Banat.","None"
"The Tulle massacre was the roundup and summary execution of civilians in the French town of Tulle by the 2nd SS Panzer Division ""Das Reich"" in June 1944, three days after the D-Day landings in World War II.","Injury"
"He threatened to invade Holland if the Habsburg Netherlands would gather a fleet in support of Christopher of Oldenburg to lift the siege of Copenhagen.","Attack"
"The trial was rushed through, the haste sometimes attributed to the home minister Vallabhbhai Patel's desire ""to avoid scrutiny for the failure to prevent the assassination.""","Injury"
"Most of the destruction wrought by Sam occurred near the coast, particularly in Bidyadanga and Anna Springs Station.","Disaster"
""".","None"
"Trinidad and Tobago won the tournament and qualified for the qualifying stage of the 2011 Champions League Twenty20.","None"
"Its duration and intensity distinguished it from other Gulag uprisings in the same period (""see"" Vorkuta uprising).","Investigation"
"Privateers and others operating out of Machias continued to harass the Royal Navy throughout the war.","None"
"The drought finally broke with the La Nina event of 2010–2011.","None"
"The tour visited Europe, Oceania, Asia and the Americas.","None"
"During the night of 16 February the Viet Cong attacked a South Vietnamese Regional Force compound at Lang Phuoc Hai, before withdrawing the following morning after heavy fighting with South Vietnamese forces.","Attack"
"Widespread crop and transportation damage also occurred, the latter which impeded relief efforts.","Disaster"
"The album "" Sarò libera"" was certified double platinum by the Federation of the Italian Music Industry.","Investigation"
"The first Battle of Homs was fought in Syria on December 10, 1260, between the Ilkhanates of Persia and the forces of Egypt.","Attack"
"The Cowboys won 6-2, the lowest scoring Shamrock Bowl in the history of the league.","None"
"In terms of loss of life, it was the worst crash of a rigid aircraft on British territory to date and the second-worst overall crash of a British rigid aircraft after the crash of an Imperial Airways airliner in Belgium in 1933 (in which 15 people died).","Disaster"
"Gonzalo battered the island with wind gusts as high as , downing hundreds of trees and creating widespread roof damage.","Attack"
"In addition to the dead, approximately 80 people were listed as injured, with around 30 requiring hospitalization in Gooty, the nearest town.","Injury"
"The eleventh tropical storm, ninth hurricane, and fourth major hurricane of the year, Janet formed from a tropical wave east of the Lesser Antilles on September 21.","Disaster"
"The Cavalese cable car disaster of 1998, also called the Strage del Cermis (""Massacre at Cermis"") occurred on 3 February 1998, near the Italian town of Cavalese, a ski resort in the Dolomites some 40 km (25 mi) northeast of Trento.","Disaster"
"Lane was ultimately indicted on three counts of aggravated murder, two counts of aggravated attempted murder, and one count of felonious assault.","Investigation"
"The four were chased by 10–15 teenagers and a 17-year-old Palestinian boy Jamal Julani was beaten unconscious and subsequently found to be in a critical condition.","Injury"
"TNA held the first-ever Barbed Wire Massacre at Turning Point between Abyss and Sabu.","None"
"The occupation of Makati lasted until December 7, while the rebels surrendered Mactan Airbase on December 9.","None"
"The album debuted at number one on the Finnish albums chart and was certified platinum within its first week after selling close to 30,000 copies.","Investigation"
"Due to controversy about constitutional amendments, the HoR refused to take office from GNC in Tripoli, which was controlled by powerful militias from the western coastal city of Misrata.","None"
"A total of 13,952 people were killed during the siege, including 5,434 civilians.","Injury"
"The earthquake killed a reported 3,882 people.","Disaster"
"However, after one of the local opposing political parties launched its own inquiries, new evidence and witness testimonies surfaced which uncovered gross negligence and murder on the officers' part, as well as the possibility of a local and federal cover-up.","Injury"
"The war also saw the effective use of artillery by the Christians to rapidly conquer towns that would otherwise have required long sieges.","Attack"
"This water overwhelmed the Anilao–Malbasag watershed and rushed downstream.","Disaster"
"A smaller but significant number of killings also took place in areas controlled by the Republicans, with the participation of local authorities varying from location to location.","Injury"
"Both sides took casualties; among the British wounded was Captain Horatio Nelson, who was blinded in one eye.","Injury"
"Ismael attained hurricane status on September 14 while located 210 miles (340 km) off the coast of Mexico.","Disaster"
"In April 2008, Shah was killed during a shootout with Pakistani police in the Khyber-Pakhtunkhwa.","Injury"
"Critics argue that the legal system remains slow to hear and prosecute rape cases, but most agree that the case has resulted in a tremendous increase in the public discussion of crimes against women and statistics show that there has been an improvement in the number of women willing to file a crime report.","Protest"
"In February 1900, Field Marshal Lord Roberts assumed personal command of a significantly reinforced British offensive.","Attack"
"They fought mostly in the pro-Republican International Brigades, which also included several thousand exiles from pro-Nationalist regimes.","Attack"
"The monarch Mozaffar ad-Din Shah Qajar signed the constitution in 1906, but he died shortly after and was replaced by Mohammad Ali Shah.","Injury"
"From 2017 and onward, the total number of finalists increased to 9, plus an additional second chance winner.","None"
"With the death of all perpetrators, the motivations of the perpetrators remain unknown.","Injury"
"Russian media also mentioned the new death toll but provided no explanation for the change, though news reports at the time of the attack said many of those injured were in serious condition.","Injury"
"The First Battle of Bud Dajo, also known as the Moro Crater Massacre, was a counter insurgency action fought by the United States Army against Moros in March 1906, during the Moro Rebellion in the southwestern Philippines.","Attack"
"For the first time, the American public was confronted with the images of dead American troops.","Injury"
"About 75% of the houses in Tampico were damaged, including about 50% of houses that had severe to total destruction to their roofs.","Disaster"
"The fast-moving stormtroopers leading the attack could not carry enough food and ammunition to sustain themselves for long, and all the German offensives petered out, partly for lack of supplies.","None"
"In the aftermath of the storm, citizens criticised the local government for shutting down the subway system in New York City for the storm.","Disaster"
"Initially, Britain mobilized its military to seize control of the British-built Abadan oil refinery, then the world's largest, but Prime Minister Clement Attlee opted instead to tighten the economic boycott while using Iranian agents to undermine Mosaddegh's government.","Disaster"
"Restoration costs in Christchurch following the February earthquake were estimated to increase by NZ$6 billion (US$4.8 billion) because of the additional damage from this event.","Disaster"
"Lebanese security forces arrested Sheik Ahmad al-Ghareeb, suspected for the two deadly blasts, as he appeared in surveillance video footage at the site of one of the explosions.","Investigation"
"The Oregon Country Fair begins on the Friday of the second weekend in July every year (i.e.","None"
"Thermal energy released during the eruption was equal to 26 megatons.","None"
"Several local temperature records were broken including a new record low for Northern Ireland of -18.7 °C recorded at Castlederg on 23 December 2010.","Disaster"
"The treaty confirmed the Austrian cession of lands in Italy and Bavaria to France and in Germany to Napoleon's German allies, imposed an indemnity of 40 million francs on the defeated Habsburgs, and allowed the defeated Russian troops free passage, with their arms and equipment, through hostile territories and back to their home soil.","Investigation"
"The war culminated in the atomic bombings of Hiroshima and Nagasaki, and other large aerial bomb attacks by the Allies, accompanied by the Soviet Union's declaration of war and invasion of Manchuria and other territories on 9 August 1945, resulting in the Japanese announcement of intent to surrender on 15 August 1945.","Attack"
"The final report, released on 25 March 2008, concluded that the pilots lost control of the aircraft after they became preoccupied with troubleshooting the inertial navigation system and inadvertently disconnected the autopilot.","Investigation"
"Exposure, disease and starvation during the flight of Assyrians increased the death toll, and women were subjected to widespread sexual abuse in some areas.","Injury"
"Russian army officers led about 3,000 soldiers in a protest against Tsar Nicholas I's assumption of the throne after his elder brother Constantine removed himself from the line of succession.","Protest"
"Barbara then moved across the Isthmus of Tehuantepec and dissipated within the mountainous terrain of Sierra Madre de Chiapas on May 30.","None"
"The eighth tropical storm and fourth hurricane of the 1947 Atlantic hurricane season, it first developed on October 9 in the southern Caribbean Sea and hence moved north by west until a few days later it struck western Cuba.","Injury"
"The war began with a ""coup d'état"" carried out in 1962 by revolutionary republicans led by the army under the command of Abdullah as-Sallal, who dethroned the newly crowned Imam Muhammad al-Badr and declared Yemen a republic under his presidency.","Attack"
"Many others were taken away as slaves.","None"
"This was the largest action fought during the war in terms of numbers, particularly the ""Grand Assault"".","Attack"
"Further gyrations caused the left wing to disintegrate, opening its fuel tanks and leading to a flash fire.","Disaster"
"Over the course of season two and three, more information about the Dominion is introduced, until the conflict escalated in season four, particularly in the episodes "" and "".","Attack"
"Less than a year after her capture, a French convoy to Guadeloupe recaptured and destroyed ""Junon""; the British subsequently intercepted and defeated the convoy in turn.","Disaster"
"Drummer Jonny Quinn broke his arm, but no shows were cancelled as friend Graham Hopkins pitched in to take up drumming duties.","Injury"
"The site of the battle is unknown and scholars have proposed many places.","Attack"
"Kevin Lau, former editor-in-chief of the Hong Kong daily newspaper ""Ming Pao"", was attacked in the morning of 26 February 2014 as he was getting out of his car in Lei King Wan, Hong Kong by two men who were waiting for him.","Attack"
"The Greek military junta collapsed and was replaced by a democratic government.","Disaster"
"Alexander's march east put him in confrontation with the Nanda Empire of Magadha and the Gangaridai of Bengal.","Attack"
"According To Luigi, Borreo`s father, the commander of the crew of the Argo 16, Anano Borreo, feared for his life: he was aware that his work placed him at the centre of delicate and dangerous situations.","None"
"It is widely believed he died upon the impact of the missile.","Injury"
"The explosion was the second to have occurred in the city that day, the first of which killed several children near a city school.","Attack"
"After the raiding party's discovery by local Malay authorities, a total of thirteen men (including raid commander Lyon) were killed during battles with the Japanese military at a number of island locations or were captured and died of their wounds in Japanese captivity.","Attack"
"The Gold Rush had severe effects on Native Californians and resulted in a precipitous native population decline from disease, genocide and starvation.","Disaster"
"The FBI formally closed its investigation on February 19, 2010.","Investigation"
"Reports mentioned that female kidnapping victims were raped and able-bodied male kidnapping victims were forced to fight to the death with other hostages, similar to ancient Roman gladiators, where they were given knives, hammers, machetes and clubs to find recruits who were willing to kill for their lives.","Attack"
"This series of incidents led to the ""Corfu Channel"" case, where the United Kingdom brought a case against the People's Republic of Albania to the International Court of Justice.","Investigation"
"On the evening of June 1, the Union VI Corps and XVIII Corps arrived and assaulted the Confederate works to the west of the crossroads with some success.","Attack"
"Libya said it had to accept responsibility due to Megrahi's status as a government employee.","None"
"The Ilosaarirock Festival is an annual rock festival held on the second weekend of July in Joensuu, Eastern Finland.","None"
"The hurricane's strong storm surge at landfall caused extensive damage to coastal regions, especially lighthouses.","Disaster"
"The Battle of Machias (June 11–12, 1775) was the first naval engagement of the American Revolutionary War, also known as the Battle of the ""Margaretta"", fought around the port of Machias, Maine.","Attack"
"Flooding from the storm extended southward into Swaziland and South Africa.","None"
"The Polish–Lithuanian–Teutonic War or Great War occurred between 1409 and 1411, pitting the allied Kingdom of Poland and Grand Duchy of Lithuania against the Teutonic Knights.","Attack"
"Fighting their way forward, the M113s finally arrived by 18:15 and began loading the most seriously wounded as darkness approached.","Injury"
"The protest was part of the anti-globalisation movement, and closely modeled after the 1999 WTO protests in Seattle.","None"
"Minor damage was reported at the final landfall of Glenda.","Disaster"
"It was the band's eighth concert tour, which supported their sixth studio album ""The 2nd Law"".","None"
"During his presidency, George W. Bush referred to North Korea as part of ""the Axis of Evil"" because of the threat of its nuclear capabilities.","None"
"It has attracted many well-known names in the music industry to perform including Little Mix, Elton John, JLS, Ellie Goulding, 50 Cent, Diana Ross, Bob Dylan, Kanye West, Lady Gaga, The Script, Pink, Christy Moore, Jason Derulo, Eric Clapton, Flo Rida, Jay-Z, Morrissey, Neil Young, Paul Simon, Anastacia, Jessie J, Olly Murs, Steps, Meat Loaf, Ke$ha, Picture This, Jedward, Ne-yo, Snoop Dogg, Lana Del Rey, Alexandra Burke and Sting.","None"
"Officer Pirone walked up to two African American men and ripped the jacket off one.","Disaster"
"Confirmed were Calvin Harris, Rizzle Kicks, Jack Beats, Duke Dumont, Example, Pitbull, Nero.","Investigation"
"This event was filmed and highlights of the event were shown at late night by Channel 4.","None"
"His wife Osa suffered back and neck injuries but continued with the couple’s lecture circuit, doing so from her wheelchair.","Injury"
"According to the investigation, the bomb was unique and the foreign investigators also expressed great interest in it.","Investigation"
"The fourth match was the shortest in the tournament, ending after only seven seconds when Raul Maghiar broke his foot after a throw from the winner Zenobiu Mic, a judoka.","Injury"
"The investigations began immediately after several suitcases and other baggage went unclaimed in Reynosa and Matamoros, Tamaulipas.","Investigation"
"Hurricane Ella brought flooding to the Greater Antilles and Texas in September 1958.","Disaster"
"He ordered his troops to care for the injured, anticipating the formation of the Red Cross in which he participated a few years later.","None"
"The best known is the march from Jiangxi province which began in October 1934.","None"
"The 2010 student protest in Dublin was a demonstration that took place in the centre of the city on 3 November 2010 in opposition to a proposed increase in university registration fees, further cuts to the student maintenance grant and increasing graduate unemployment and emigration levels caused by the 28th Government of Ireland.","Protest"
"Later on September 15, Ethel weakened to a tropical storm.","Disaster"
"The term, which also designates the cultural, political and social movement that promoted unification, recalls the romantic, nationalist and patriotic ideals of an Italian renaissance through the conquest of a unified political identity that, by sinking its ancient roots during the Roman period, ""suffered an abrupt halt [or loss] of its political unity in 476 AD after the collapse of the Western Roman Empire"".","Injury"
"These wars included the Bishops' Wars of 1639 and 1640; the Irish Rebellion of 1641; Confederate Ireland, 1642–1649; the Scottish Civil War of 1644–1645; and the Cromwellian conquest of Ireland in 1649 (collectively the Eleven Years War or Irish Confederate Wars); and the First, Second and Third English Civil Wars of 1642–1646, 1648–1649 and 1650–1651.","None"
"On , 2014, McCulloch announced the St. Louis County grand jury had decided not to indict Wilson.","None"
"Mills' injuries were severe enough to end his career.","Injury"
"Steady weakening ensued thereafter and the storm made landfall in Myanmar's Rakhine State on April 29.","Disaster"
"For over 25 years, the war caused significant hardships for the population, environment and the economy of the country, with an initial estimated 80,000–100,000 people killed during its course.","Injury"
"A live album with footage from the Amsterdam concert was released later in 2014 under the name of Let Us Burn – Elements & Hydra Live in Concert.","Injury"
"In North Carolina, the storm flooded the main highway connecting the Outer Banks.","Attack"
"Several inches of glaze ice, accompanied by gale-force winds, caused damage comparable to the aftermath of the 1938 New England hurricane.","Disaster"
"Twenty of these shots were to test new weapons designs; six to test weapons effects; and several shots to confirm the reliability of existing weapons.","Investigation"
"Flooding in Mazatlán washed out many houses and submerged others in muddy water.","None"
"The wreckage burst into flames.","Disaster"
"After the decisive victory for Octavian at the Battle of Actium, Cleopatra and Antony withdrew to Alexandria, where Octavian besieged the city until both Antony and Cleopatra committed suicide.","Injury"
"The 1821 Norfolk and Long Island Hurricane was one of four known tropical cyclones that have made landfall in New York City.","Disaster"
"It was the second-deadliest aviation incident in 2009 behind Air France Flight 447.","Disaster"
"After this string of victories, the Vendeans turned to a protracted siege of Nantes, for which they were unprepared and which stalled their momentum, giving the government in Paris sufficient time to send more troops and experienced generals.","None"
"On 20 July 1944, Claus von Stauffenberg and other conspirators attempted to assassinate Adolf Hitler, Führer of Nazi Germany, inside his Wolf's Lair field headquarters near Rastenburg, East Prussia.","Injury"
"Saldívar was found guilty of murder and was sentenced to life imprisonment.","Injury"
"The investigation, which included law enforcement agencies from Russia, Israel and Interpol confirmed this view.","Investigation"
"Grey used as the trigger for the invasion Kingite rejection of his ultimatum on 9 July 1863 that all Māori living between Auckland and the Waikato take an oath of allegiance to Queen Victoria or be expelled south of the Waikato River.","None"
"This 40,000-strong siege corps reached the fortress on 14 August and began to immediately bombard it.","Attack"
"The last resistance in the Entlebuch valley was broken by the end of June.","Disaster"
"The Crown prosecutor, Joe Dickson QC, 'did not contend that a minimum term should not be fixed.'","None"
"In many cases, the Armed Forces denied shooting at demonstrators with live ammunition, contrary to claims by the Brotherhood, its supporters, and several Western media outlets.","Protest"
"At the Battle of Morval (25–28 September), the first attack by the 21st Division on 25 September, was stopped short of the village.","Attack"
"In 2010 there was a record attendance of between 16,000 and 17,000 on the Sunday night.","None"
"The most important feature of Cyber Sunday is the ability for fans to vote online through WWE.com on certain aspects of every match.","None"
"The Kokoda Track campaign has been mythologised as Australia's Thermopylae and incorporated into the Anzac legend even though the premise of a vastly numerically-superior enemy has since been shown to be incorrect.","None"
"The largest in the area since 1990, the earthquake measured 7.3 on the moment magnitude scale and was centered approximately south of Mashhad on the village of Ardekul.","Disaster"
"The Farakka Long March occurred in May 1976, and was led by Maulana Abdul Hamid Khan Bhashani, demanding demolition of the Farakka Barrage constructed by India to divert flow of Ganges waters inside its territory, triggering the drying up of river Padma and desertification of Bangladesh.","Disaster"
"In El Salvador, flooding isolated towns for several days and caused crop damage.","Disaster"
"The Major League Baseball All-Star Game, also known as the ""Midsummer Classic"", is an annual professional baseball game sanctioned by Major League Baseball (MLB) contested between the All-Stars from the American League (AL) and National League (NL), currently selected by fans for starting fielders, by managers for pitchers, and by managers and players for reserves.","None"
"Despite several violations, the treaty formally lasted until Leo VI's death in 912.","Injury"
"The style of warfare after 1863 differed markedly from that of the 1860-61 conflict, in which Māori had taken set positions and challenged the army to an open contest.","Attack"
"Eleven professional wrestling matches were featured on the event's card, with two including championships.","None"
"The Real IRA denied that the bomb was intended to kill civilians and apologised; shortly after, the group declared a ceasefire.","Injury"
"Beginning in December 2012, Sunnis in Iraq protested against the Maliki government.","Protest"
"It is believed to have been a reprisal for the Irish Republican Army's (IRA) killing of two policemen the day before.","Injury"
"It became a tropical storm over the following day, and subsequently underwent rapid deepening to attain hurricane status.","Disaster"
"Subsequent inquiries recommended sweeping changes to maritime regulations, leading to the establishment in 1914 of the International Convention for the Safety of Life at Sea (SOLAS).","Investigation"
"Warsaw, the capital of the Polish–Lithuanian Commonwealth, was completely destroyed by the Swedes, and out of a pre-war population of 20,000, only 2,000 remained in the city after the war.","Attack"
"A call centre was established by the Thane Municipal Corporation to accept and track resolution of caller complaints about illegal buildings.","None"
"At least 212 people died, 161 people have been injured (including several rescuers), while at least 15,000 people have been made homeless.","Injury"
"It ended in the victory of the Mongol forces, who captured the city and burned it, massacring the residents.","Injury"
"Napoleon ordered the re-conquest of the province the same day.","None"
"She was charged with two counts of first degree murder and indicted by grand jury on February 9.","Injury"
"About 60 people were killed in the confrontations; most were Jamaat-Shibir activists, and others were police and civilians.","Injury"
"The floods left thousands of people stranded and killed at least 326 people in the Tampico area, leading to the largest Mexican relief operation ever executed by the United States.","Injury"
"Heavy lifting equipment and cutting torches were used as police and army worked to rescue the injured, illuminated by spotlights.","Injury"
"The Italian entry into the war widened its scope considerably in Africa and the Mediterranean Sea.","Attack"
"The unpredictability of the show and Banksy's elusive nature stirred excitement amongst fans, while defacement from competing street artists and vandals became an imminent problem.","Disaster"
"Heavy casualties and the loss of their supply lines then forced the Japanese to withdraw, returning territorial control to the original status quo.","Injury"
"Guerrilla-style tactics were used by both sides in later campaigns, often fought in dense bush.","Attack"
"The term deluge (or ""potop"" in Polish) was popularized by Henryk Sienkiewicz in his novel ""The Deluge"" (1886).","Disaster"
"In Belize, a village reported that only 12 houses remained, while elsewhere in the country, at least 60 homes were destroyed or damaged; several houses in Belize City suffered minor roof damage.","Disaster"
"It took place on April 7, 2013 at MetLife Stadium in East Rutherford, New Jersey.","None"
"Now is the second studio album by Finnish singer Anna Abreu, released in Finland by RCA on October 22, 2008.","None"
"To mark the occasion, the band's set began with a Spitfire flyover, an event which was mirrored at the tour's final concert at Knebworth, which was preceded by a First World War air display, organised and featuring vocalist Bruce Dickinson.","Attack"
"It was a punishment killing, carried out by members of the Sandy Row women's Ulster Defence Association (UDA) unit.","None"
"Twenty-five soldiers also died, and thirty-nine were wounded (six of the wounded later died).","Injury"
"After a tense night, the Australians returned in the morning to find the Viet Cong had left the area, dragging most of their dead and wounded with them while avoiding a large blocking force.","Injury"
"Anyway, once we started playing, all that died down.","Injury"
"He sounded an alarm and immediately the camp realized they were under attack by Native Americans, estimated to be several dozen in number.","Attack"
"The 1971 Open Championship was the 100th Open Championship, played 7–10 July at Royal Birkdale Golf Club in Southport, England.","None"
"According to the ""Chronica"", ""during the time when Alfonso was at war with the rebel nobles ... the King of Aragon had mobilised sizeable armies of knights and infantrymen ... had traveled then beyond his own borders to Gascony [where] he surrounded the city of Bayonne which is located near the Garonne River.""","Attack"
"Later, the death sentence was upheld by Bombay High Court in February 2012.","Injury"
"The British August Offensive at Anzac Cove and Suvla was an attempt to try to break the stalemate that the Gallipoli Campaign had become.","Disaster"
"The Society's permanent location is at the Fringe Shop on the Royal Mile, and in August they also manage Fringe Central, a separate collection of spaces in Appleton Tower and other University of Edinburgh buildings, dedicated to providing support for Fringe participants during their time at the festival.","None"
"Fricourt is a village that was fought over in July 1916, during the Battle of the Somme, which took place in France during the First World War.","Attack"
"After crashing into the checkpoint, the attacker jumped out of the vehicle and began stabbing people.","Attack"
"Torrential rainfall across mountain terrain contributed to numerous mudslides that caused hundreds of fatalities.","Disaster"
"Hurricane Debby caused minor damage in the Greater and Lesser Antilles in August 2000.","Disaster"
"The Battle of Saint-Denis was fought on November 23, 1837 between British colonial authorities under Lieutenant-Colonel Gore and Patriote rebels in Lower Canada as part of the Lower Canada Rebellion.","Attack"
"A suicide attacker struck his car full of explosive and petrol gallon in Eidgah Market area, an entrance point in Parachinar.","Attack"
"In July 2013, allegations were made that the SIT had suppressed evidence.","Investigation"
"Overall, nine deaths and approximately $4 million (1942 USD) in damage were reported.","Disaster"
"After crossing the Gulf of Mexico, Allen weakened as it struck the lower Texas coast, causing high winds, a significant storm surge and heavy rainfall, which caused damage to southern Texas.","Attack"
"Fought on the right flank and subsidiary to the Battle of Nablus, the Third Transjordan attack began northwards, with the assault on Kh Fasail.","Attack"
"While rebel ranks consisted mostly of the local peasantry, urban notables and Bedouin tribes also formed an integral part of the revolt, which was a collective reaction to Egypt's gradual elimination of the unofficial rights and privileges previously enjoyed by the various classes of society in the Levant under Ottoman rule.","None"
"2008 Bangalore serial blasts occurred on 25 July 2008 in Bangalore, India.","None"
"Israeli forces attacked police stations, military targets including weapons caches and suspected rocket firing teams, as well as political and administrative institutions in the opening assault, striking in the densely populated cities of Gaza, Khan Yunis and Rafah.","Attack"
"In December 2011, a BBC News report cited unnamed ""independent researchers"" as claiming that between 300,000 and 500,000 people were killed.","Injury"
"Estimates of fatalities caused by the attacks have varied.","Attack"
"On the same day, the hijacking of El Al Flight 219 from Amsterdam (another 707) was foiled: hijacker Patrick Argüello was shot and killed, and his partner Leila Khaled was subdued and handed over to British authorities in London.","Injury"
"At least six people died with damages totaling $10 million (1965 USD) and possibly higher.","Injury"
"It was also recognised that each member of the Empire was obliged to avoid taking any action that would injure another member and that neither the Dominion governments nor the British government could commit another to an action without its consent.","Injury"
"The storm killed at least 469 people in Haiti before striking the United States near the border between North and South Carolina as a Category 4 hurricane.","Injury"
"We firmly believe that it is our most complete and satisfying album and can't think of a better way to farewell our fans than with music that we all believe in and also with, hopefully, our best tour to date.""","Protest"
"Beyond Lincoln's death, the plot failed: Seward was only wounded and Johnson's would-be attacker lost his nerve.","Injury"
"The Widerøe-operated de Havilland Canada Dash 7 crashed on 6 May 1988 at 20:29:30 during approach to Brønnøysund Airport, Brønnøy.","Disaster"
"The 2009 Boko Haram uprising was a conflict between Boko Haram, a militant Islamist group, and Nigerian security forces.","Attack"
"It was fought over two days, March 8–9, 1862, in Hampton Roads, a roadstead in Virginia where the Elizabeth and Nansemond rivers meet the James River just before it enters Chesapeake Bay adjacent to the city of Norfolk.","Attack"
"For much of the next year, a neighbor noticed that he had stopped working on his farm and thought that he might be planning suicide.","Injury"
"Soon thereafter, a weather reconnaissance plane reported a barometric pressure of 1000 mbar (hPa; 29.53 inHg) at the storm's center.","Disaster"
"The blast occurred at the five-star Pearl Continental hotel in the city.","None"
"Saudi-led intervention in Yemen also called the Arab coalition () is an invasion that was launched by Saudi Arabia in 2015, leading a coalition of nine countries from the Middle East and Africa, in response to calls from the internationally recognized pro-Saudi president of Yemen Abdrabbuh Mansur Hadi for military support after he was ousted by the Houthi movement due to economic and political grievances, and fled to Saudi Arabia.","Attack"
"Black neighbors near white areas were attacked, white gangs went into black neighborhoods, and black workers seeking to get to and from employment were attacked.","Attack"
"The report also urged the government to evaluate every airport in India to prevent similar incidents from occurring.","Investigation"
"The Siege of Polotsk (, ) was a siege by forces of the Polish–Lithuanian Commonwealth under Stefan Bathory on the Russian-held city of Polotsk.","None"
"After an investigation, a Virginia special justice declared Cho mentally ill and ordered him to attend treatment; however, because he was not institutionalized, he was still allowed to purchase guns.","Investigation"
"At the time of the operation, Joseph Stalin, the supreme commander of the Soviet Armed Forces, was personally interested in taking Estonia, viewing it as a precondition to forcing Finland out of the war.","Attack"
"This was the best bowling figures in Twenty20 cricket of Malinga's career and also the best bowling in a Twenty20 game on Australian soil.","None"
"In all, Eugene injured 18 people, and caused three fatalities and $142.12 million (1987 USD) in damage.","Disaster"
"Geralda produced wind gusts as strong as , which were the highest worldwide for several decades.","None"
"Ngāpuhi chief Hongi Hika in 1818 used newly acquired muskets to launch devastating raids from his Northland base into the Bay of Plenty, where local Māori were still relying on traditional weapons of wood and stone.","Attack"
"When the signal cleared, the light engines set off in front of the express into the same block section.","None"
"Although a tactical victory for the Japanese in terms of ships sunk, the battle would prove to be a strategic victory for the Allies for several reasons.","Attack"
"The revolt had various causes, including the socio-economic and political tensions generated by the Black Death in the 1340s, the high taxes resulting from the conflict with France during the Hundred Years' War, and instability within the local leadership of London.","None"
"The third named storm and second hurricane of the year, Carrie formed from an easterly tropical wave off the western coast of Africa on September 2, a type of tropical cyclogenesis typical of Cape Verde-type hurricanes.","Disaster"
"After the Gezi Park camp was cleared by riot police on 15 June, protesters began to meet in other parks all around Turkey and organised public forums to discuss ways forward for the protests.","Protest"
"The Peloponnesian War was soon followed by the Corinthian War (394-386 BC), which, although it ended inconclusively, helped Athens regain a little of its former greatness.","None"
"Widespread flooding from the storm affected 500,000 people throughout northeast Mexico, and ruined over of crops in the region, equivalent to 11% of the region's total farmland.","Disaster"
"After initial clashes, the Utraquists changed sides in 1423 to fight alongside Roman Catholics and opposed the Taborites and other Hussite spinoffs.","Attack"
"The clan-based armed opposition groups eventually managed to overthrow the Barre government in 1991.","None"
"""Vincennes"" had made ten attempts to contact the aircraft on both military and civilian radio frequencies, but had received no response.","None"
"The festival had its own wakeboard 'Pool Gap' that allows the wakeboarders to showcase the sport up on the festival site.","None"
"Minor structural damage was reported, and only localised flooding was recorded.","Disaster"
"As a result of the investigation, new requirements were developed for aircraft to prevent future fuel tank explosions.","Investigation"
"Inshore flotillas of British MTBs and American PT boats intercepted small craft and raided the waters around Ras Idda and Kelibia.","Attack"
"Rains from the typhoon killed two people in Taiwan after sweeping them up in a river, and crop damage there reached NT$158.88 million (NTD, US$5 million).","Injury"
"This sparked clashes and gun battles between Catholics and Protestants, including republican and loyalist paramilitaries.","Attack"
"On January 13, 1982, the Boeing 737-222 registered as N62AF crashed into the 14th Street Bridge over the Potomac River just two miles from the White House.","Disaster"
"An investigation by the Russian Navy also did not concur with the report.","Investigation"
"The bridge had endured months of aircraft bombing, direct artillery hits, near misses, and deliberate demolition attempts.","Attack"
"According to the Iraqi Ministry of Defence, the first phase of the operation was concluded on 11 August.","None"
"The Voćin massacre was the killing of 43 civilians in Voćin, Croatia, by the Serbian White Eagles paramilitary unit on 13 December 1991, during the Croatian War of Independence.","Injury"
"The European nations declared a wider war upon one another overseas in 1756, two years into the French and Indian war, and some view the French and Indian War as being merely the American theater of the worldwide Seven Years' War of 1756–63; however, the French and Indian War is viewed in the United States as a singular conflict which was not associated with any European war.","None"
"Unfavorable conditions subsequently impacted the storm, and Shary quickly began to lose tropical characteristics.","Disaster"
"In this 90-minute battle, Frederick the Great, king of Prussia, defeated an Allied army composed of French forces augmented by a contingent of the Reichsarmee (Imperial Army) of the Holy Roman Empire.","Attack"
"The only major problem occurred when The Nice's use of bagpipers caused the stage to collapse and had to be repaired.","Disaster"
"Offshore Virginia, swells generated by the storm stranded a tugboat and injured two people.","None"
"Typhoon Zeb, known in the Philippines as Typhoon Iliang, was a powerful typhoon that struck the island of Luzon in October 1998.","Attack"
"The success of the German defence of the Hawthorn Ridge Redoubt crater contributed to the failure of the British attack on the rest of the VIII Corps front.","Attack"
"The Pakistani public reacted with protests all over the country and the government took measures adversely affecting the US exit strategy from Afghanistan, including the evacuation of Shamsi Airfield and closure of the NATO supply line.","Protest"
"A series of nine bombs exploded in which one person was killed and 20 injured.","Attack"
"Reported at the time to be the worst flood in the nation's history, the disaster decimated banana plantations and population centers after rivers flowed up to above normal.","Disaster"
"The rebels included experienced professional soldiers as well as citizenry, and were commanded by Colonel James Wallace of Auchens, seconded by Major Joseph Learmont.","Attack"
"The set list consisted of mainly songs from the supporting studio album and rehearsals started during 2006.","None"
"The conflagration killed at least 278 individuals, with some accounts reporting more than 300 dead.","Injury"
"As a result, Cuba experienced flash flooding in mountainous areas as Katrina moved across the country.","Disaster"
"The protests were sparked by outrage at the violent eviction of a sit-in at the park protesting the plan.","Protest"
"In 1454 the Ottomans launched a major invasion against Serbia, at the helm of which was the Sultan himself, Mehmed the Conqueror.","Attack"
"It also illustrated solidarity among the three nations.","Protest"
"Further inland, the storm produced significant snowfall, estimated at around in The Berkshires.","Disaster"
"However, on 30 July al-Bakr arranged for the exile of both an-Naif and Al-Daoud, and assumed the position of Prime Minister from an-Naif, solidifying the Ba'ath's control over Iraq for the next thirty-five years—as al-Bakr's deputy, Saddam Hussein, ""succeeded in consolidating a formidable political regime ... where so many others had failed,"" including co-opting Yahya's intention to nationalize the Iraq Petroleum Company (IPC) with the help of the Soviet Union.","None"
"Though initially planned, the tour did not visit Australia due to financial problems and the financial recession.","None"
"After Gray's funeral on April 27, civil disorder intensified with looting and burning of local businesses and a CVS drug store, culminating with a state of emergency declaration by Governor Larry Hogan, Maryland National Guard deployment to Baltimore, and the establishment of a curfew.","Disaster"
"The AP also indicated that the attempt to have the mark certified as a world record ""would force the governing bodies to reject an unprecedented performance on the world's most prestigious marathon course"".","Investigation"
"Mehmed saw an opportunity to attack Skanderbeg and sent three armies in one year.","Attack"
"A series of ten explosions took place on April 22, 1992, in the downtown district of Analco Colonia Atlas in Guadalajara city, Jalisco state, Mexico.","Disaster"
"Allemand returned to Rochefort on 23 December, having not lost a single ship during the expedition.","Attack"
"Saomai, the second strongest typhoon in the western Pacific in 2000, developed from an area of disturbed weather in open sea on August 31.","None"
"The 2015 Kentucky Derby was the 141st running of the Kentucky Derby.","None"
"On 16 December 1929 about 5,000 miners demonstrated against the introduction of non-union labour into the Rothbury mine by the conservative Bavin government, which had taken over the colliery.","Protest"
"The MVP of the tournament was also Australian MLB player and former All-Star, Dave Nilsson.","None"
"The building was destroyed by a fire on May 28, 2008.","Disaster"
"LinkedIn said, in an official statement, that they would email all its members with security instructions and instructions on how they could reset their passwords.","None"
"The perpetrator, 52-year-old Qian Mingqi, was initially reported possibly among those killed in the blasts, leading China's state run news agencies to label it a suicide bombing.","Injury"
"On 18 March, soldiers of the Commune's National Guard killed two French army generals, and the Commune refused to accept the authority of the French government.","Injury"
"Big Dance 2012 was London's Legacy Trust UK programme, delivered by Greater London Authority in partnership with Arts Council England.","None"
"This led to Turkey launching Operation Martyr Yalçın, a series of airstrikes against mostly Kurdish militant positions in Northern Iraq and Syria.","Attack"
"Furthermore, even the Prince himself was ignorant to this highly internalized and localized conflict, believing it bear foreign instigations.","None"
"On September 3, the cyclone struck modern day Santiago de Cuba Province and then slowly drifted along the southern coast of Cuba.","None"
"In reality the early defeats had meant that the general interest in the tour was very limited.","None"
"Some 861 French soldiers died from all causes by the end of the siege and thousands were wounded.","Injury"
"Ireland did not participate although at the time the British Commonwealth still regarded Ireland as one of its members.","Protest"
"At around 9.30 am, Jan Molenaar fired on New Zealand Police officers executing a cannabis search warrant at his house at 41 Chaucer Road, killing Senior Constable Len Snee and seriously injuring Senior Constables Bruce Miller and Grant Diver.","Injury"
"By 25 June, the Allies had been defeated in Western Europe and Scandinavia.","None"
"It determined the resident population of the United States to be 248,709,873, an increase of 9.8 percent over the 226,545,805 persons enumerated during the 1980 Census.","Investigation"
"This was the third time Malaysia hosted the games and its first since 1971.","None"
"A limited Croatian counterattack and the development of the HV led to a stalemate on the battlefield.","None"
"Bejisa left heavy damage to the agriculture industry, mainly to vanilla and sugar cane, totaling €62 million (US$84.8 million) in losses.","Disaster"
"Airstrikes and attacks by JNA infantry and armored units against targets in the city accompanied the bombardment, which caused approximately 800 deaths and resulted in a large portion of the city's population leaving.","Attack"
"Károlyi's provisional government proclaimed the Hungarian People's Republic on 16 November 1918, with Károlyi named as provisional president.","None"
"After entering the Florida Straits, the hurricane turned to the northeast, producing tropical storm winds along the Florida Keys.","Disaster"
"As Harun did not intend to assault Constantinople and lacked ships to do so, he turned back.","Attack"
"Eighteen soldiers were also wounded.","Injury"
"Fighting then starts up for a third time.","Attack"
"Sikorski's Liberator II crashed off Gibraltar almost immediately after takeoff on 4 July 1943.","None"
"At 04:00 on 26 October the KPA counterattacked A and B Companies, supported by a two T-34 tanks.","None"
"Missouri governor Jay Nixon ordered local police organizations to cede much of their authority to the Missouri State Highway Patrol.","None"
"Joy James commented that ""the Cerro Maravilla massacre demonstrated the reason why colonialism was banned in the world.""","Injury"
"In 2012, an appeals court confirmed the sentences.","Investigation"
"On 22 November 2012, millions of protesters began protesting against Morsi, after his government announced a temporary constitutional declaration that in effect granted the president unlimited powers.","Protest"
"The Twenty20 & Two Day tournaments are expected to be included from the 2015 season onwards.","None"
"The Badrashin railway accident took place near Badrashin station in Giza, Egypt, on 15 January 2013.","Disaster"
"The Schweinfurt–Regensburg mission was a strategic bombing mission during World War II.","Attack"
"The investigation showed that the crew did not issue an emergency call despite the plane's recurring warnings and highlighted the lack of discipline and organized environment in the cockpit.","Investigation"
"The 2010 Austin suicide attack occurred on February 18, 2010, when Andrew Joseph Stack III deliberately crashed his single-engine Piper Dakota light aircraft into Building I of the Echelon office complex in Austin, Texas, United States, killing himself and Internal Revenue Service manager Vernon Hunter.","None"
"The warships were then engaged by Croatian coastal artillery deployed on Korčula and the Pelješac Peninsula, losing two minesweepers to the artillery fire in the process.","Attack"
"In the 68th minute, Luis Suárez put Barcelona back in the lead, and the final score of 3–1 was confirmed when Neymar scored with the last kick of the game.","Investigation"
"In January 2015, federal prosecutors announced that they would not charge Hinckley with Brady's death, despite the medical examiner's classification of his death as a homicide.","Injury"
"Mark Thompson, Director-General of the BBC, defended the BBC's decision to invite Griffin, stating, ""the BNP has demonstrated a level of support that would normally lead to an occasional invitation to join the panel on ""Question Time"".","Protest"
"The flooding particularly affected the city of Rio de Janeiro, where at least 60 people died, and its surrounding area.","Injury"
"Bragg's men strongly assaulted but could not break the Union line.","Attack"
"Overall, the hurricane caused just under $1.6 million in damage.","Disaster"
"Two other students were hospitalized, one of whom sustained several serious injuries requiring extensive rehabilitation, and the other suffered a minor injury.","Injury"
"The medical examiner's office concluded that Gray's death could not be ruled an accident, and was instead a homicide, because officers failed to follow safety procedures ""through acts of omission.""","Injury"
"During Saldívar's trial for the murder—called the ""trial of the century"" and the most important trial for the Latino population—Saldívar said she accidentally shot Selena while attempting suicide.","Injury"
"On February 10, the Chapel Hill Police Department stated that their ""preliminary investigation indicates that the crime was motivated by an ongoing neighbor dispute over parking.","Investigation"
"By midday on June 25, the hurricane reached peak winds of before moving inland well south of the U.S.–Mexico border.","Disaster"
"The combination of high tides and waves caused the most significant flooding in the state since the Ash Wednesday Storm of 1962.","Disaster"
"The World Education Games had taken place October 13 through 15, 2015, where over 6 Million students joined worldwide from over 20,000 schools in 159 countries and raised over $100,000 which will help send 33,000 students to school.","None"
"As hosts, Russia qualified automatically for the tournament; they were joined by the six winners of the FIFA confederation championships and the 2014 FIFA World Cup champions, Germany.","None"
"Originally part of a much larger operation called ""Operation Hornbill"", the aim of Rimau was to sink Japanese shipping by paddling the folboats in the dark and placing limpet mines on ships.","None"
"Hoping to repeat the success of the earlier First Phase Campaign, the PVA 13th Army first launched a series of surprise attacks along the Ch'ongch'on River Valley on the night of November 25, 1950 at the western half of the Second Phase Campaign (), effectively destroying the Eighth United States Army's right flank while allowing PVA forces to move rapidly into UN rear areas.","Attack"
"The post-mortem examination concluded that Hendrix aspirated on his own vomit and died of asphyxia while intoxicated with barbiturates.","Injury"
"Argentine troops killed more than 1,000 Mapuche and displaced over 15,000 more from their traditional lands.","Injury"
"The storm moved southwestward and gradually strengthened to reach hurricane status.","Disaster"
"Cuts to transport links including damage to numerous bridges, communication interruptions, electrical blackouts and water supply problems were experienced across wide areas.","Disaster"
"His arrest was followed by a 24-day trial, which was widely publicised and gave him a platform to express his nationalist sentiments to the nation.","Investigation"
"In Canada, two were killed in Ontario, and the storm caused an estimated $100 million (2012 CAD) in damage throughout Ontario and Quebec.","Injury"
"Two days later, Senator Chuck Grassley and Representative Rush D. Holt, Jr. called for hearings into the Department of Justice and FBI's handling of the investigation.","Investigation"
"The eighth tropical storm and fourth hurricane of the year, Helene was formed from a tropical wave east of the Lesser Antilles on September 21, 1958.","Disaster"
"The exact numbers have been the subject of much debate.","None"
"About 1,600 residents on these islands rode out the storm in their homes, and emergency officials stayed behind.","Disaster"
"The plane exploded on impact, killing all 187 passengers and crew on board and 12 people on the ground.","Disaster"
"Opération Chammal is the French military operation which is currently ongoing in Iraq and Syria in an attempt to contain the expansion of the Islamic State of Iraq and the Levant and to support the Iraqi Army.","None"
"The Shin Bet had been investigating him in the belief that he ran a major Hamas network in the West Bank, headed by Riad Nasser of Deir Qadis, near Ramallah, and that he was behind the kidnapping.","Investigation"
"Mexican authorities claimed Iguala's mayor, a member of the leftist Party of the Democratic Revolution (PRD), and his wife, María de los Ángeles Pineda Villa, masterminded the abduction, although neither of them were convicted or even put on trial for the students' disappearance.","Investigation"
"The campaign effectively ended with Edward's defeat and death in the Battle of Faughart in 1318.","Injury"
"Operation Jericho was a low-level Second World War bombing raid on 18 February 1944, by Allied aircraft on Amiens Prison in German-occupied France.","Attack"
"Overall, the hurricane caused eight fatalities.","Disaster"
"During the 1996 event, Hogan turned heel, as he was revealed to be the third member for the New World Order.","Investigation"
"With a 21,000-strong force, the Kivu conflict constitutes the largest peacekeeping mission currently in operation.","Attack"
"Damage in the Northern Mariana Islands amounted to US$18 million, and 13 people were injured, with one fatality.","Injury"
"The sixth death from the storm was also related to rough seas and occurred near the mouth of the Mississippi River in Louisiana.","Injury"
"Less than a day after formation, the system reached tropical storm intensity, followed by hurricane intensity on July 11.","Disaster"
"Throughout India, 124 deaths were confirmed.","Injury"
"He and some of his warriors were killed in July, by an Umatilla party who entered his camp in subterfuge.","Injury"
"Believed to have been reactivated multiple times, the fault is extensive and could still pose a threat to locals.","None"
"It was confirmed by Waters during an interview with Jimmy Fallon that he would be returning to North America for yet another leg of The Wall tour, beginning 27 April 2012 in Mexico City and ending 21 July 2012 in Quebec City on the Plains of Abraham, a former battlefield.","Investigation"
"The 2002 Hebron ambush took place in the Wadi an-Nasara neighborhood in Hebron in the West Bank on 15 November 2002.","Attack"
"The occupation of Lovas and the killing and expulsion of its civilian population was included in the International Criminal Tribunal for the former Yugoslavia (ICTY) indictments of the President of Serbia, Slobodan Milošević, and Goran Hadžić, a high-ranking official of the Croatian Serb-declared wartime breakaway region of SAO Eastern Slavonia, Baranja and Western Syrmia.","Injury"
"Ayatollah Ali Khamenei ordered an investigation into the claims of electoral fraud and irregularities, as requested by Green Movement leaders.","Investigation"
"Several police officials confirmed the bomber was a woman, as opposed to the more likely occurrence of a man wearing the burka as a disguise, in order to successfully conduct this suicide attack.","Investigation"
"On this 2nd protest day, the number of protesters could not be determined.","Investigation"
", the Russian government rejects claims that Russia bears any responsibility for the crash, and denies involvement.","Disaster"
"They argued that the emails showed that global warming was a scientific conspiracy and that scientists manipulated climate data and attempted to suppress critics.","Protest"
"The South Vietnamese withdrawal quickly turned into a rout, as the PAVN 2nd Army Corps picked off one South Vietnamese unit after another, until Huế and Da Nang were completely surrounded.","None"
"Among the wider population, an excess of 15 childhood thyroid cancer deaths were documented .","Injury"
"Those events, if included, would put the number of archers over 5,000.","None"
"The suicide bombing followed intense fighting in the Jaffna Peninsula that left 133 soldiers and up to 200 LTTE fighters dead (although this number is unofficial, as the LTTE have reported losing only 22 fighters).","Attack"
"The Action of 24 March 1811 was a minor naval engagement of the Napoleonic Wars, fought as part of the Royal Navy blockade of the French English Channel ports.","Attack"
"The seventh tropical cyclone, sixth named storm, and third hurricane of the 1995 Atlantic hurricane season, Felix developed from a tropical wave in the eastern Atlantic Ocean on August 8.","Disaster"
"Within 24 hours of the accident, the United States Department of Commerce (the governing authority of the CAA) ordered that all Lockheed Super Electras be immediately grounded and that tests be performed to confirm that the figures obtained in the aircraft's original vibration tests were accurate.","Disaster"
"Detailed results of a number of older events have not been found and in some cases no results or planned matches have been found documented, leading only to the knowledge that an event probably took place, but no confirmation of date or other details were found.","Investigation"
"Further inland, King caused heavy crop damage, particularly to the citrus industry.","Disaster"
"On August 2, 2015, Reese confirmed that the 2015 staple of the festival would be the last one.","Investigation"
"On November 10, Portland mayor Sam Adams gave the protesters a deadline to clear out of the park by 12:01 AM on November 13.","None"
"The Caucasian War (; ""Kavkazskaya vojna"") of 1817–1864 was an invasion of the Caucasus by the Russian Empire which resulted in Russia's annexation of the areas of the North Caucasus, and the ethnic cleansing of Circassians.","Attack"
"The arrival of the hurricane prompted a hurricane watch for Hawaii, and 200 people evacuated from their homes.","Disaster"
"In 1999, following the election of Abdelaziz Bouteflika as president, violence declined as large numbers of insurgents ""repented"", taking advantage of a new amnesty law.","None"
"The Ethiopian government under the Workers Party of Ethiopia lost Soviet support at the end of the 1980s and were overwhelmed by Eritrean separatists and Ethiopian anti-government groups, allowing the EPLF to defeat Ethiopian forces in Eritrea in May 1991.","Disaster"
"The 5 October 1910 revolution was the overthrow of the centuries-old Portuguese Monarchy and its replacement by the Portuguese First Republic.","None"
"In the region, at least 11,591 homes were destroyed by the floods.","Disaster"
"This was the first U.S. Open played in the Pacific Northwest and the third major played in the state of Washington, which hosted the PGA Championship in 1944 and 1998.","None"
"This gallery sustained extreme temperatures and dense, suffocating smoke early in the conflagration.","Disaster"
"In neighboring Canada, the remnants of Gloria caused minor power outages in New Brunswick, although confusion related to the storm's arrival led to the creation of the Canadian Hurricane Centre.","None"
"Britain had already been at war with France following the resumption of hostilities resulting from the breakdown of the Peace of Amiens and remained the only country still at war with France after the Treaty of Pressburg.","None"
"The inhabitants of the islands were not evacuated until three days later and suffered radiation sickness.","Injury"
"Unemployment from the global recession was continually rising, and the economy was being battered.","Injury"
"Released on $10,000 bail, Hendrix was required to return on May 5 for an arraignment hearing.","Investigation"
"Two investigations were held by the British government.","Investigation"
"The area was equipped with an array of strong motion seismographs for analyzing the fault mechanisms of nearby earthquakes and seismic characteristics of the sediments in the valley.","Disaster"
"After the Grossaktion Warsaw of summer 1942, in which more than a quarter of a million Jews were deported from the ghetto to Treblinka and murdered, the remaining Jews began to build bunkers and smuggle weapons and explosives into the ghetto.","Injury"
"The Hispanic victims of the accident were placed in a mass grave at Holy Cross Cemetery in Fresno, California, with their grave marked only as ""Mexican Nationals"".","Disaster"
"Four hours later, after a mobile lab confirmed what had been found, he was formally charged with drug possession.","Investigation"
"After passing through the hundreds of Simtuna and Torstuna, Jöns Olofsson was met by local Danish commander Bengt Bjugg and his forces, who defeated the rebels and killed Olofsson.","Injury"
"About 95% of Marisah Island was damaged by the strong winds, including much of the military base.","Disaster"
"Two trains were stolen in the course of the march, which brought Fry's Army into conflict with the authorities.","Attack"
"The third named storm and the first hurricane of the season, Chantal slowly developed on July 30 in the southern Gulf of Mexico from a tropical disturbance that was previously within Intertropical Convergence Zone (ITCZ) while near Trinidad and Tobago.","None"
"The focus of the earthquake was located 17 km beneath its epicenter, on the northern end of Awaji Island, 20 km away from the center of the city of Kobe.","Disaster"
"The documentary ""A Union in Wait"" was filmed at the march.","None"
"On 1 January, Surayud announced that although the bombs had similar designs to those used by insurgents in Thailand's Muslim-dominated Southern provinces, closer inspection indicated no link, saying ""I don't think they would come here as they could get lost in Bangkok.""","Investigation"
"The Organization of the Islamic Conference, the Arab League, Syria, Egypt and Iran condemned Israel's responsive air strikes on militants.","Attack"
"On 6 June 1982, during the Falklands War, the British Royal Navy Type 42 destroyer engaged and destroyed a British Army Gazelle helicopter, serial number ""XX377"", in a friendly fire incident, killing all four occupants.","Disaster"
"May Merrill Miller's novel, ""First the Blade"", includes a fictionalized account of the conflict.","Attack"
"Its success was a major contributor to the decision by the Army High Command to try the same tactic during the Battle of Stalingrad where it failed to save the 6th Army under Paulus.","Attack"
"Hurricane King crossed Cuba on October 17, causing seven deaths and $2 million in damage (1950 USD).","Disaster"
"The event sparked a series of political controversies where, in the end, the police officers were found guilty of murder and several high-ranking local government officials were accused of planning and/or covering up the incident.","Injury"
"The demonstration occurred during the French Revolution.","Protest"
"Moving generally northward, the storm quickly became a hurricane and later major hurricane the following day.","Disaster"
"In order to attack Damietta in Egypt, they allied in Anatolia with the Seljuk Sultanate of Rûm which attacked the Ayyubids in Syria in an attempt to free the Crusaders from fighting on two fronts.","Attack"
"The War in Darfur, also nicknamed the Land Cruiser War, is a major armed conflict in the Darfur region of Sudan that began in February 2003 when the Sudan Liberation Movement (SLM) and the Justice and Equality Movement (JEM) rebel groups began fighting the government of Sudan, which they accused of oppressing Darfur's non-Arab population.","Attack"
"The battle was marked by Farragut's seemingly rash but successful run through a minefield that had just claimed one of his ironclad monitors, enabling his fleet to get beyond the range of the shore-based guns.","Attack"
"An online ISIL persona run by internet troll Joshua Ryne Goldberg had posted maps to the exhibition, and urged his followers to attack the event.","Attack"
"Sources for the history of the invasion.","Attack"
"Overall, Allen killed at least 269 people and left $1.57 billion in damages (1980 US dollars), mostly within the United States and Haiti.","Injury"
"Furthur had been scheduled, but withdrew from the lineup due to an injury and health issues suffered by Bob Weir.","Injury"
"After 21 months of investigation, judge Juan del Olmo tried Moroccan national Jamal Zougam, among several others, for his participation carrying out the attack.","Investigation"
"On 7 September 1939, Reinhard Heydrich stated that all Polish nobles, clergy, and Jews were to be killed.","Injury"
"The junta annulled the results of the 1970 elections and arrested Prime minister-designate Sheikh Mujibur Rahman.","None"
"When Charles X Gustav died in February 1660, his successor settled for the Treaty of Oliva with Poland–Lithuania, the Habsburgs and Brandenburg in April and the Treaty of Copenhagen with Denmark in May.","Injury"
"More than two dozen identified victims were interred individually in separate sections at the Cemetery of the Evergreens in Brooklyn.","Investigation"
"The death of Kim Jong-il was reported by North Korean state television news on 19 December 2011.","Injury"
"One of the leaders confessed that Heriberto Lazcano, the supreme leader of Los Zetas, had ordered the investigation of all buses coming in through San Fernando; those ""who had nothing to do with it were freed.","Investigation"
"Fuji), is the full course around Mt.","None"
"The English Civil War (1642–1651) was a series of civil wars and political machinations between Parliamentarians (""Roundheads"") and Royalists (""Cavaliers"") principally over the manner of England's governance.","Attack"
"The aircraft then veered off the runway and hit multiple obstructions before coming to rest in Flushing Bay, just beyond the end of the runway.","Attack"
"Southwest Airlines Flight 812 was a Boeing 737-300 passenger jet that on April 1, 2011, suffered rapid depressurization while cruising at near Yuma, Arizona, leading to an emergency landing at Yuma International Airport.","Injury"
"However, increased vertical wind shear caused it to weaken into a tropical depression by the following day and degenerate into a remnant low on July 28.","Injury"
"The 2006–2007 Southeast Asian floods were a series of floods that mostly affected Malaysia from 18 December 2006 to 13 January 2007.","Disaster"
"Police identified the driver as Usmen Hasan and the two passengers as his wife, Gulkiz Gini, and his mother, Kuwanhan Reyim.","Investigation"
"No formal investigation was launched until 2000, after three former Croatian intelligence and military police officers informed the International Criminal Tribunal for the former Yugoslavia about the killings.","Injury"
"Experts regarded the bomb to be designed to look spectacular on CCTV for the purposes of 'armed propaganda' rather than to cause large numbers of injuries.","Attack"
"On 1 August Hitler gave the ""Luftwaffe""s commander-in-chief, ""Reichsmarschall"" (Empire Marshal) Hermann Göring and the ""Oberkommando der Luftwaffe"" (High Command of the Air Force) a directive (Directive No.","None"
"The Chernobyl disaster is considered the worst nuclear power plant accident in history, both in terms of cost and casualties.","Disaster"
"In 2000, however, it was reported that a monument within the village, gave the dates of the massacre as October 22, 24, and 26, 1966 and said that 403 people were killed by the South Koreans.","Injury"
"As a consequence of Wellington's victory, his army was able to advance to and liberate Madrid for two months, before retreating to Portugal.","Attack"
"As the explosion happened just after midnight, some reports of the incident say that it happened on 3 March rather than 4 March.","None"
"The heart of the revolutions was in Frankfurt, where the newly formed National Assembly, the Frankfurt Parliament, met in St Paul's Church from May 1848, calling for a constitutional monarchy to rule a new, united German nation.","None"
"At that time these islands were part of the Australian-administered Territory of New Guinea.","None"
"It was the first time that the War in Darfur, previously confined to western Sudan, reached the country's capital.","Attack"
"Despite Pitot's attempts to flee, his frigate was drawn into a heavy engagement with ""Constellation"".","None"
"The attackers broke through the Kerem Shalom border crossing to Israel, where one of the vehicles exploded.","Disaster"
"Lee spawned 30 confirmed tornadoes in the United States.","Investigation"
"The burning of the Parliament Buildings in Montreal was an important event in pre-Confederation Canadian history and occurred on the night of April 25, 1849, in Montreal in the Province of Canada.","None"
"Fernando Pereira, a photographer, drowned on the sinking ship.","Injury"
"Eight people were killed in Guatemala.","Injury"
"On 23 November 1973, at 7:30 ""Argo 16"" took off from the airport of Venice, arrived at the altitude of 2,500 feet, then fell and crashed into the Montefibre plant of Marghera, located in an industrial park close the airport.","Disaster"
"Significant precipitation and gusty winds accompanied the system into northern Texas and Oklahoma.","None"
"The war began slowly as it first appeared the government had successfully crushed the Islamist movement, but armed groups emerged to fight jihad and by 1994, violence had reached such a level that it appeared the government might not be able to withstand it.","Attack"
"The first clear government response to the protests was a proposal for a new education fund and a cabinet shuffle which replaced Minister of Education Joaquín Lavín and was seen as not fundamentally addressing student movement concerns.","Protest"
"The Whiskey Rebellion demonstrated that the new national government had the will and ability to suppress violent resistance to its laws, though the whiskey excise remained difficult to collect.","Protest"
"Following the war the commander of the raid, Rear Admiral Naomasa Sakonju, was executed for this war crime and ""Tone""s captain Haruo Mayuzumi () was sentenced to seven years imprisonment.","Attack"
"During the French Indochina War (1945–1954), French forces attempted to re-establish colonial control of Vietnam, while the Vietnamese guerrilla forces, the Việt Minh, led by Ho Chi Minh fought for independence.","Attack"
"The area was a hotbed for insurgent activity including the kidnapping and killing of civilians and soldiers.","Injury"
"A total of 4,446 homes were destroyed while another 22,229 were damaged.","Disaster"
"Ernie Ball International Battle Of The Bands Winners.","Attack"
"Before the hurricane moved ashore, there was residual flooding in Tampico from earlier Hurricane Gladys.","Disaster"
"Later on 25 May Admiral Lütjens, apparently unaware that he had lost his pursuers, broke radio silence to send a coded message to Germany.","Disaster"
"In Maryland, the snowfall unofficially reached ; if verified, the total would have been the highest in the state's history.","Investigation"
"The attack was part of the Third Battle of Ypres in the First World War.","Attack"
"The reason for the presence of the American land and naval force in Korea was to support an American diplomatic delegation sent to establish trade and political relations with the peninsular nation, to ascertain the fate of the merchant ship ""General Sherman"", and to establish a treaty assuring aid for shipwrecked sailors.","Investigation"
"While the bulk of the civilian population fled with the surviving Croatian forces, those who remained in Saborsko were rounded up and either killed or expelled.","Injury"
"What followed was the Toyota War, in which the Libyan forces were routed and expelled from Chad, putting an end to the conflict.","Attack"
"The outnumbered defenders of the port were overwhelmed and driven into the sea by a Republican assault on 17 December.","Disaster"
"All 25 people on board the aircraft perished.","Injury"
"Rebuilding costs were calculated to run from 4–6 billion dollars, over 20 years.","Investigation"
"The 2002 Bali bombings occurred on 12 October 2002 in the tourist district of Kuta on the Indonesian island of Bali.","Attack"
"Although Britain and France had been engaged in an iron-clad arms race since the 1830s, the Battle of Hampton Roads signalled a new age of naval warfare had arrived for the whole world.","Attack"
"Light rainfall was also reported in some coastal locations.","None"
"39 people were killed and 60 injured by the time the Argentine army retook the barracks.","Injury"
"""We had to get our fuck on…"" Manson told ""Kerrang!""","None"
"Firinga isolated several towns due to flooding and left power and water outages.","Disaster"
"A UN spokesman said that most of the casualties were caused by falling zinc or steel roofs.","Injury"
"The conflict escalated into warfare when North Korean military (KPA) forces—supported by the Soviet Union and China—crossed the border and advanced into South Korea on 25 June 1950.","Attack"
"By the end of May, four cases of chikungunya had been confirmed in Florida.","Investigation"
"The hurricane also produced rip tides that killed a person in southern Texas.","Injury"
"The ARBiH suffered 6,137 fatalities, while Bosnian Serb military casualties numbered 2,241 soldiers killed.","Injury"
"On 14 February 2013 the MNLA renounced their claim of independence for Azawad and asked the Malian government to start negotiations on its future status.","None"
"It took place beginning on the 5th May 1815 and persisted until the 30th May 1815.","None"
"One of the machine guns was confirmed to be a Lewis gun and the other one was suspected of being one as well.","Investigation"
"Castelfidardo near Loreto in Italy was also a candidate, but Italy had held the UCI Road World Championships in Varese in 2008.","None"
"The Germans secured the island by 16 October and the Russian Army evacuated Muhu on 20 October.","None"
"The 1999 Odisha cyclone (IMD designation BOB 06, JTWC designation 05B) was the most intense recorded tropical cyclone in the North Indian Ocean and among the most destructive in the region.","None"
"Strong winds resulted in widespread power outages, cutting telecommunications along the coast.","Injury"
"Armenian military commanders based in Nagorno-Karabakh's capital of Stepanakert (Azerbaijani: Xankəndi) had been contemplating the capture of the town after Azeri shelling of Stepanakert.","None"
"The killers, however, confessed that they abducted and killed the passengers because they feared their rivals, the Gulf Cartel, were getting reinforcements from other states.","Injury"
"A group of armed Uyghur men killed two people inside of the restaurant and four people outside, injuring 15 other people.","Injury"
"Briefer peasant uprisings in other ""départements"" such as in Aveyron and Lozère are also identified as ""chouanneries"".","Investigation"
"Six teams were originally invited, but the Netherlands were unable to attend and the West Indies withdrew in protest at the 1981 South African rugby tour of New Zealand.","Protest"
"Thus, all the earlier events could be considered qualifying for that one final event.","None"
"Operations against Newport were planned in conjunction with a French fleet and troops, but they were frustrated in part by difficult relations between the commanders, as well as by a storm that damaged both French and British fleets shortly before joint operations were to begin.","Disaster"
"In 2011, an international edition of Mysteryland was held in Chile, the first to be held outside the Netherlands.","None"
"Major General Charles Grey raided the Massachusetts communities of New Bedford, Fairhaven, and Martha's Vineyard in September 1778 as part of British operations in the American Revolutionary War.","Attack"
"Protected by 1,900 members of the Alabama National Guard under federal command, and many FBI agents and Federal Marshals, the marchers averaged 10 miles (16 km) a day along U.S. Route 80, known in Alabama as the ""Jefferson Davis Highway"".","None"
"It contains nine new songs co-written by Yolandita Monge, being the first time in the singer's career that she composes for an entire album.","None"
"On the morning of June 14, 1985, Flight 847 was hijacked shortly after take off from Athens.","None"
"However more recently historians have taken a broader perspective noting that the Habsburgs at the same time resisted internal separatist movements, and were battling Prussia and France for control of central Europe.","Attack"
"Hawthorn Ridge Redoubt was a German front-line fortification, west of the village of Beaumont Hamel on the Somme.","None"
"The official investigation by the Spanish judiciary found that the attacks were directed by an al-Qaeda terrorist cell, although no direct al-Qaeda participation has been established.","Investigation"
"In response, the Israeli military forces launched Operation Litani against PLO bases in Lebanon three days later.","Attack"
"Julius Caesar had planned an invasion of Parthia, but he was assassinated before implementing it.","Injury"
"The forces led by Ahmad Shah Durrani came out victorious after destroying several Maratha flanks.","Disaster"
"United States Central Command began planning and mobilizing forces that evening.","None"
"Soon afterwards General David Leslie, Lord Newark was sent north to attack them.","Attack"
"Forming from a persistent area of convection on February 7, Ivan initially tracked southeastward, before looping to the west-southwest.","None"
"The Bombardment of Algiers (27 August 1816) was an attempt by Britain and the Netherlands to end the slavery practices of Omar Agha, the Dey of Algiers.","None"
"The strongest quadrant of the storm moved over Delaware; in the state, strong easterly winds produced significant tidal flooding, and 500 houses were damaged.","Disaster"
"The goal of the operation was the destruction of a salient around the central Bosnian town of Jajce, which was held by the Croatian Defence Council (""Hrvatsko vijeće obrane"" – HVO) and the Army of the Republic of Bosnia and Herzegovina (""Armija Republike Bosne i Hercegovine"" – ARBiH).","Disaster"
"About 1.25 million people fled the storm in Florida alone, contributing to a region-wide total of nearly 2 million evacuees.","Disaster"
"The blast killed at least three people and injured another 10, including a boy age 15 and a policeman.","Attack"
"The hurricane soon approached Charleston, South Carolina, on 1 September, and subsequently made landfall near Cape Lookout in North Carolina on 3 September.","Disaster"
"According to political historians such as Barbara Cruikshank, ""the poor"" did not particularly conceive of themselves as a unified group until President Lyndon Johnson's War on Poverty (declared in 1964) identified them as such.","Investigation"
"Seven houses were flooded in Lacu Roșu neighborhood (Brăila).","Disaster"
"The 2011 Lake Champlain and Richelieu River floods were a series of water level increases that began at the end of April 2011 and caused a subsequent overflow of the Richelieu River in Canada and Lake Champlain in the United States.","Disaster"
"Bruce argued for Empire-wide economic trading arrangements that would see domestic demands filled by production from member states before seeking supplemental imports from other countries and empires.","Protest"
"Fulvia died in 40 BC, and with her death came a peace between Antony and Octavian.","Injury"
"Severe Tropical Cyclone Zoe was the second-most intense tropical cyclone on record within the Southern Hemisphere.","Disaster"
"An estimated 448 houses were completely destroyed and 10,000 inhabitants were rendered homeless.","Disaster"
"Large numbers of people continued to die for months afterward from the effects of burns, radiation sickness, and other injuries, compounded by illness and malnutrition.","Injury"
"During the press conference, Gaga revealed ""the world's first flying dress"", called the Volantis, confirmed plans to stage a performance in space in 2015, and introduced new works by Marina Abramović, Inez van Lamsweerde and Vinoodh Matadin, Jeff Koons, and Robert Wilson.","Investigation"
"On 18 March, protesters in Sanaʽa were fired upon, resulting in 52 deaths and ultimately culminating in mass defections and resignations.","Injury"
"4437, which would raise penalties for illegal immigration and classify undocumented immigrants and anyone who helped them enter or remain in the US as felons.","Investigation"
"The 2009 North Korean nuclear test was the underground detonation of a nuclear device conducted on Monday, 25 May 2009 by the Democratic People's Republic of Korea.","None"
"On February 16, Hicks was indicted by a Durham County grand jury on three counts of first-degree murder and one count of discharging a firearm into an occupied dwelling.","Investigation"
"The bulk of the troops and funds for the war came from Castile, and Granada was annexed into Castile's lands.","Attack"
"The 2014 Washington wildfires were a series of 1,480 wildfires that burned over the course of 2014.","Disaster"
"It moved ashore near Wilmington, North Carolina, and passed near Norfolk, Virginia before moving through the Delmarva Peninsula and New Jersey just inland.","None"
"At least 34 journalists are known to have died in the massacre.","Injury"
"Right after that, all the Russian forces attacked and quickly encircled the main Turkish army on the left-bank.","Attack"
"A few days before his death Chief Waruhiu had condemned Mau Mau.","Injury"
"Neither damages nor fatalities were reported during that time.","Disaster"
"In Florida, advance warnings and stringent building codes were credited with minimizing structural damage and reducing loss of life to 17 people, but nevertheless widespread flooding and coastal damage resulted from heavy rainfall and high tides.","Disaster"
"Seung-Hui Cho, an undergraduate student at the university and a U.S. resident of South Korean origin, shot and killed 32 people and wounded 17 others with two semi-automatic pistols.","Injury"
"The seven Jesuit missions east of the Uruguay River, known as the Misiones Orientales, were to be dismantled and relocated on the Spanish western side of the river.","Disaster"
"A fireman was killed and several others injured in a road accident while en route to the accident scene.","Injury"
"Both sides had suffered severe damage and casualties, but both were also aware that the battle would inevitably be rejoined and so the aftermath of the British defeat was one of frenzied activity at Gibraltar, Algeciras and Cadiz.","None"
"The Liberation of Paris (also known as the Battle for Paris and Belgium; ) was a military battle that took place during World War II from 19 August 1944 until the German garrison surrendered the French capital on 25 August 1944.","Attack"
"On April 19, 2017, at 3:05 am, Hernandez was found dead in his prison cell by correctional officers after apparently hanging himself with a bedsheet.","None"
"With no centralised leadership beyond the small assembly that organized the original environmental protest, the protests have been compared to the Occupy movement and the May 1968 events.","Protest"
"Although AWB and by extension the Australian Government were not the only entities to be implicated in the Oil-for-Food scandal, the event earned a place in Australian political consciousness.","Investigation"
"They are under the jurisdiction of the Governor of Puerto Rico though the office of the Puerto Rico Adjutant General unless they are federalized by order of the President of the United States.","None"
"In Aberdeen, the Kirk of St Nicholas in Union Street has dedicated a chapel in memory of those who died, containing a Book of Remembrance listing them.","None"
"A prior federal mandate requires installation of the system by 2015.","None"
"There are also reports linking Federal forces to the case, some stating that military personnel in the area deliberately omitted helping the students in distress.","None"
"The storm dropped torrential rainfall in the southern portion of the island, including 24‑hour totals of at Pas de Bellecombe and at Casabois, both of which set records for the locations.","Disaster"
"At the movement's peak in the early 1970s, some of its more militant leaders were killed during conflicts with police, prompting many activists to abandon the movement.","Injury"
"In the first months of the rebellion, he defeated the Mongols and the Tsar's armies, personally slaying Constantine Tikh in battle.","Injury"
"In Cuba, the threat of the hurricane prompted widespread evacuations.","Disaster"
"All the hostages escaped, though 79 were later hospitalized with burns and injuries.","Injury"
"The French and Indian War (1754–1758) pitted the colonies of British America against those of New France, each side supported by military units from the parent country and by American Indian allies.","Attack"
"These were: a 69-year-old Malaysian woman (later revealed to be Aishah Wahab), a 57-year-old Irish woman (Josephine Herivel) and a 30-year-old British woman (Katy Morgan-Davies).","Investigation"
"After developing an eye, Ruby attained typhoon intensity on October 23 and began to strengthen at a brisker clip.","None"
"Although ""Cardiff"" was suspected, later scientific tests on the wreckage proved inconclusive.","Investigation"
"This in turn delayed preparations ahead of the storm.","Disaster"
"The 2009 Saudi Arabian floods affected Jeddah, on the Red Sea (western) coast of Saudi Arabia, and other areas of Makkah Province.","Disaster"
"The disaster was classified until 1960 and is therefore not well known.","Investigation"
"The Eastern Fleet, commanded by Admiral Sir James Somerville, was forewarned by intelligence and sailed from its bases prior to the raid; its attempt to attack the Japanese was frustrated by poor tactical intelligence.","Attack"
"Many buildings, however, are directly exposed to landslide hazards because of the steep terrain.","Disaster"
"The offensive near the town of Krasny Bor, formed the western arm of the pincer.","Attack"
"A campaign by the victims' families led to an Irish government inquiry under Justice Henry Barron.","Investigation"
"A Supreme Central Junta led resistance to Joseph's government and the French occupation of Spain, but eventually suffered a series of reversals that resulted in the Spanish loss of the northern half of the country.","Injury"
"However, their evacuation from Cawnpore turned into a massacre, and most of the men were killed.","Injury"
"This seemingly subservient behaviour convinced the Phibun regime that France would not seriously resist a confrontation with Thailand.","None"
"However, the following day the besiegers were assaulted from the back by a Polish division-sized sortie from the Modlin Fortress under Gen. Michał Sokolnicki.","Attack"
"Cuius regio, eius religio () is a Latin phrase which literally means 'whose realm, his religion', meaning that the religion of the ruler was to dictate the religion of those ruled.","Protest"
"The bombings constituted the deadliest terrorist attack carried out in the history of Spain and the deadliest in Europe since the 1988 bombing of Pan Am Flight 103 over Lockerbie, Scotland.","Attack"
"As part of an American effort to deter French attacks, Commodore Thomas Truxton led an American naval squadron that was dispatched to the Lesser Antilles.","None"
"The investigation was later criticised by the coroner, who adjourned the inquest and recommended that the Crown Prosecution Service (CPS) reconsider the possibility of criminal charges.","Investigation"
"Cyclone Ivy also affected the Solomon Islands and New Caledonia with rainfall, and later it produced high waves in New Zealand that killed two people.","Injury"
"In the end, fourteen administration officials were indicted, including then-Secretary of Defense Caspar Weinberger.","Investigation"
"Following the scandal, the Landau Commission was set up to investigate Shin Bet procedures.","Investigation"
"After tracking northeast, the system strengthened into a cyclonic storm on November 11, as maximum sustained winds exceeded 65 km/h (40 mph).","Disaster"
"A severe outbreak of SARS in early 2003 affected Guangdong in southern China and prompted FIFA to move the Women's World Cup to the United States, who had hosted the previous edition in 1999.","Disaster"
"It moved west-northwestward and strengthened into a tropical storm on the following day.","Disaster"
"The war displaced 192,000 people and while many returned to their homes after the war, 20,272 people, mostly ethnic Georgians, remained displaced as of 2014.","Attack"
"The show was divided into four distinct sections, including a ballad section.","None"
"The invasion of Hvaler () was a Swedish military invasion during the Swedish-Norwegian War of 1814.","Attack"
"Forming as a tropical depression, the system brushed Honduras before intensifying into a tropical storm the following day.","Disaster"
"Croatian authorities also charged the wartime commander of Osijek's defence, Branimir Glavaš, and five others with war crimes committed in the city in 1991.","Investigation"
"British Governor Lord Macartney opened negotiations to surrender.","None"
"The protests included domestic riots which caused at least 41 deaths and at least 270 injuries.","Injury"
"The 2010 Kalgoorlie-Boulder earthquake was a 5.2 earthquake that occurred near the city of Kalgoorlie-Boulder, Western Australia on 20 April 2010, at approximately 8:17 am WST.","Disaster"
"They relieved the three besieged cities, and invaded the two Boer republics in late 1900.","Attack"
"Hezbollah then launched more rockets into northern Israel and engaged the IDF in guerrilla warfare from hardened positions.","Attack"
"Among the prisoners captured was General Louis Baraguey d'Hilliers who had been wounded in the storming of Malta, and among the treasure was an ornate seventeenth century cannon once owned by Louis XIV.","Disaster"
"Approximately two thousand Nazis were marching to the ""Feldherrnhalle"", in the city center, when they were confronted by a police cordon, which resulted in the deaths of 16 Nazis and four police officers.","Injury"
"The Thammasat University massacre (in Thailand known simply as the 6 October event, ) was an attack by Thai state forces and far-right paramilitaries on student protesters on the campus of Thammasat University and the adjacent Sanam Luang Square in Bangkok, Thailand, on 6 October 1976.","Attack"
"Later helicopters and trucks transported almost 200 Marines to the village who killed many more civilians at close quarters.","Injury"
"The cyclone moved parallel to the Mexican Pacific coast, but its proximity to the shore resulted in heavy rainfall over land.","None"
"A large number of German casualties were caused by the change in the wind direction and the decision to go ahead against protests by local officers, which were increased by British troops, who fired on German soldiers as they fled in the open.","Disaster"
"The capture of Saborsko and the killing and expulsion of its civilian population was included in the International Criminal Tribunal for the former Yugoslavia (ICTY) indictments of Milan Babić and Milan Martić, high-ranking officials of the Croatian Serb-declared wartime breakaway region of SAO Krajina.","Injury"
"The Action of 9 November 1822 was a naval battle fought between the United States Navy schooner and a squadron of three pirate schooners off the coast of Cuba during the Navy's West Indies anti-piracy operation.","Attack"
"Many shelters opened in Chiapas, Oaxaca and Guatemala while schools and ports were temporarily closed during the storm.","Disaster"
"The Dutch Revolt (1568–1648) was the revolt of the northern, largely Protestant Seven Provinces of the Low Countries against the rule of the Roman Catholic Habsburg King Philip II of Spain, hereditary ruler of the provinces.","None"
"The croplands were flooded by salt water, but the local Acadians quickly repaired the dikes after the raiders left, and the land was returned to production.","None"
"The Crown Prosecution Service (CPS) decided not to charge Harwood, because the disagreement between the first and later pathologists meant they could not show a causal link between the death and alleged assault.","None"
"After the storm weakened in Virginia, it maintained an area of moisture that resulted in heavy rainfall after interacting with the Blue Ridge Mountains, a process known as orographic lift.","Disaster"
"In the interview, Rihanna stated, ""It's going to be a worldwide tour, so it's going to be a very long tour.","None"
"Officially, according to the French general staff, a dozen ""terrorists"" were killed and a French soldier is injured as a result of an ""act of opportunity.""","Injury"
"Flight 512 carried mainly French, West German, British and Japanese tourists; 21 people were killed on the aircraft, including 3 British, 2 West German, 3 French, 2 Japanese, 2 Maldivians and 1 Pakistani; 41 people were injured.","Injury"
"It resulted in the deaths of 12 passengers of an intercity bus and injuries to 18 others in the area.","Injury"
"The storm continued to intensify and peaked as a 100 mph (155 km/h) Category 2 hurricane on the Saffir–Simpson hurricane wind scale on August 29.","Disaster"
"After a slow start the offensive gathered momentum and German resistance collapsed as scattered remnants of broken units fought to escape to the Seine.","None"
"The outcome of the two battles was Bucharest being occupied on 19 December by the Central Powers and the Romanian and Russian forces' retreat to Moldavia, all the way to the Siret.","Attack"
"At the time, it was the deadliest mass shooting committed by a lone gunman in U.S. history, until it was surpassed by the 2016 Orlando nightclub shooting.","None"
"Several safety issues were identified with Amfleet cars as well.","Investigation"
"The 58th Division (Major-General Hew Dalrymple Fanshawe) was to conduct the attack, between the 55th (West Lancashire) Infantry Division on the right flank and the 51st (Highland) Division on the left.","Attack"
"In the aftermath of the battle, the KPA forces on the central and the eastern fronts were decimated, allowing the UN front to be stabilized at the 37th parallel.","Disaster"
"In Neamț County, 50 households and 19 household annexes were flooded due to heavy rains in early-June.","Disaster"
"In total, 909 individuals died in Jonestown, all but two from apparent cyanide poisoning, in an event termed ""revolutionary suicide"" by Jones and some Peoples Temple members on an audio tape of the event, and in prior recorded discussions.","Injury"
"Israeli forces were subjected to a double attack by militants from the Palestinian Islamic Jihad.","Attack"
"The Battle of San Jacinto (), fought on April 21, 1836, in present-day Harris County, Texas, was the decisive battle of the Texas Revolution.","Attack"
"Two days after the battle a storm sank fourteen of the Allied ships while they were anchored near Visby, drowning around 5900 men.","Attack"
"Social media played a key part in the protests, not least because much of the Turkish media downplayed the protests, particularly in the early stages.","Protest"
"Nevertheless, Mihailovic was able to establish itself as the sole legitimate representative of the Yugoslav government in exile, who ordered that all resistance forces should fight under his command.","None"
"The Mexican Congress passed the Tornel Decree, declaring that any foreigners fighting against Mexican troops ""will be deemed pirates and dealt with as such, being citizens of no nation presently at war with the Republic and fighting under no recognized flag.""","Attack"
"Those dozens of people injured in this suicide attack were apparently later taken to local hospitals via means of helicopters.","Injury"
"An investigation into the massacre concluded that it was an unprovoked act of racial hatred.","Investigation"
"The main reason for the operation was for propaganda purposes – to claim full rights to Vilnius by retaking it before the Soviet Army arrived to reinforce the Polish Army.","Protest"
"At most airports this would normally mean an approach should be initiated from the other direction, runway 36.","None"
"Similar protests took place in major cities throughout the country.","Protest"
"Later in December, President George H. W. Bush declared the storm to be a major disaster, allowing the Federal Emergency Management Agency (FEMA) to assist.","Disaster"
"All had their throats slit from ear to ear with such great force that they were nearly decapitated.","Injury"
"Afterward AIM leaders Dennis Banks and Russell Means were indicted on charges related to the events, but their 1974 case was dismissed by the federal court for prosecutorial misconduct, a decision upheld on appeal.","Investigation"
"The explosions occurred at locations within a radius of 1 km in Jangli Maharaj Road: in front of Balgandharva Auditorium, opposite to KFC restaurant near Garware Bridge, Dena Bank branch at Jangli Maharaj Road, and in front of a McDonald's restaurant.","Attack"
"NATO officials reported that, contrary to previous operations, Taliban fighters were avoiding direct confrontation in favor of guerilla tactics.","None"
"Meng Tian was instructed to secure the frontier with a line of fortifications, which would become known as the Great Wall of China.","None"
"Two students have been confirmed dead after their remains were identified by the Austria-based University of Innsbruck.","Injury"
"Damage and injuries occurred in every department of El Salvador, particularly the departments of La Libertad and Usulután.","Disaster"
"His successor, Quintus Pompeius, was inept and suffered severe defeats at their hands, so he secretly negotiated a peace with the city abiding by the previous treaty.","Injury"
"After suffering pestilence and famine, most of the surviving Numantines committed suicide rather than surrender to Rome.","Injury"
"Australia's Archie Thompson also broke the record for most goals scored by a player in an international match by scoring 13 goals.","None"
"Moving generally to the east due to a trough, the depression intensified into a tropical storm on October 6, and the next day reached peak winds of while approaching the west coast of Florida.","None"
"Bahrain security forces launched a pre-dawn raid to clear Pearl Roundabout in Manama of the protesters camped there, most of whom were at the time asleep in tents; four were killed and about 300 injured.","Injury"
"More attacks happened in the city afterwards.","Attack"
"The natives deployed a significant amount of guerrilla warfare, which they ambushed, skirmished, disengaged and retreated repeatedly.","Attack"
"Two Korean forwards had continued to argue with the umpire on the disallowed goal.","Protest"
"Political reforms were varied, but in only four countries were Communist parties able to retain a monopoly on power, namely China, Cuba, Laos and Vietnam (North Korea went through a constitutional change in 2009 that made it nominally no longer Communist, but still ""de facto"" organised on Stalinist lines).","None"
"A police SWAT team eventually arrived bearing sufficient firepower, and they commandeered an armored truck to evacuate the wounded.","Injury"
"Hurricane Odile was the second of three tropical storms to make landfall in Mexico during the 1984 Pacific hurricane season.","Disaster"
"The event takes its name from its culmination, the symbolic ritual burning of a large wooden effigy (""The Man"") that traditionally occurs on the Saturday evening of the event.First held in 1986 on Baker Beach in San Francisco as a small function organized by Larry Harvey and Jerry James who built the first ""Man"", it has since been held annually, spanning the nine days leading up to and including Labor Day (the opening day is a Sunday, while the closing day is the first Monday in September).","Disaster"
"Investigation of the crash revealed that the faulty auto-throttle reduced the left engine to idle during climb.","Investigation"
"In response, the Ukrainian Yatsenyuk Government created the first Anti-Terrorist Operations zone (ATO) and launched a series of counter-offensives against the insurgents, resulting in a standoff and violent skirmishes.","Attack"
"Calculations of the total number of Gazans killed by the IDF in this four-month period of Israeli rule vary between 930 and 1,200 people, out of a population of 330,000.","Injury"
"The U.S. attack faltered as artillery and food supplies were left behind on the muddy roads.","Attack"
"Though the bill was passed by the majority of those sitting in the Legislative Assembly, it remained unpopular with the Loyalist population of Montreal, who decided to use violence to demonstrate their opposition.","Protest"
"Linda later struck Thailand, causing flash flooding and at least 164 deaths.","Attack"
"Still moving westward, the system reached Category 4 intensity before striking Guadeloupe on September 12, where it brought great destruction and resulted in 1,200 deaths.","Disaster"
"Gunner Richard Dunne and Alan Horsley, a sales clerk, died in that explosion.","Attack"
"The Battle of Mahidpur was fought during the Third Anglo-Maratha War between the Holkar faction of the Maratha Confederacy and the British East India Company at Mahidpur, a town in the Malwa region, on 21 December 1817.","Attack"
"The storm rapidly weakened over land, but restrengthened in the Mozambique Channel to reach peak 10‑minute winds of , making it an intense tropical cyclone.","None"
"The operation was criticised for its poor planning and execution, insufficient preparation, reconnaissance and training, and inappropriate command and control methods applied by the Sisak Operational Group in charge of the offensive.","None"
"Both robbers were killed, twelve police officers and eight civilians were injured, and numerous vehicles and other property were damaged or destroyed by the nearly 2,000 rounds of ammunition fired by the robbers and police.","Disaster"
"It crashed near Johannisthal Air Field about 10 miles southeast of Berlin.","Attack"
"The Kazan city government arranged for residents of the building destroyed in the blast to receive apartments in newly constructed buildings.","Disaster"
"The march garnered much media attention, much of it focused on what was seen as the cold and insulting dismissal of many important community leaders, as well as the people in Europe they were fighting for.","Attack"
"Indigenous Australians led by Pemulwuy also conducted raids around Parramatta during the period between 1795 and 1802.","Attack"
"Hurricane Doreen was considered the worst tropical cyclone to affect California in 32 years.","Disaster"
"Of the 173-192 fatalities in Canada, most of them occurred due to damaged or missing ships, with two boats losing their entire crew.","None"
"""Unfinished Business"" was certified platinum by the Recording Industry Association of America (RIAA) on December 1 for selling more than 1,000,000 copies in the US.","Investigation"
"The Mine Safety and Health Administration of the United States Department of Labor reported the explosion was caused when an underburdened shot or blown-out shot ignited coal dust.","Disaster"
"In May 1709, the Swedish forces caught up to the Russians, and the two armies clashed in the Battle of Poltava.","Attack"
"In light of this, the South Lebanon conflict can be seen as a part of the Lebanese Civil War.","Attack"
"Tropical Storm Agatha was a weak but catastrophic tropical cyclone that brought widespread floods to much of Central America, and was the deadliest tropical cyclone in the eastern Pacific since Hurricane Pauline in 1997.","Disaster"
"The number of people in the city on the day of the earthquake was lower than usual, due to a strike by local bus drivers.","Attack"
"One study suggested that a record number of lightning ignitions during 2014 drove a significant amount of the fires.","Disaster"
"Stanišić and Simatović were initially acquitted, but their acquittals were overturned on appeal, and they are being retried.","None"
"Associations affiliated with FIFA were invited to send their senior women's and men's under-23 national teams to participate; men's teams were allowed to augment their squads with three players over the age of 23.","None"
"On that day, 242 Japanese aircraft, in two separate raids, attacked the town, ships in Darwin's harbour and the town's two airfields in an attempt to prevent the Allies from using them as bases to contest the invasion of Timor and Java during World War II.","Attack"
"Even so, most of the original Neapolitan force had been killed, wounded or deserted, and Murat's force only totalled 15,000.","Injury"
"The album was certified double platinum by the Federation of the Italian Music Industry.","Investigation"
"The crowd eventually dispersed after Acting Governor Thomas Hutchinson promised an inquiry, but they re-formed the next day, prompting withdrawal of the troops to Castle Island.","Investigation"
"It curved north-northeast and briefly emerged into the Atlantic on September 18, but soon made another landfall near Edisto Island, South Carolina with winds of .","None"
"He also broke the record for the highest altitude jump, set in 1960 by USAF Colonel Joseph Kittinger, who was Baumgartner's mentor and capsule communicator at mission control.","Disaster"
"A 2016 hazard map from the United States Geological Survey estimated a 1% or lower risk for a major earthquake in Kansas for the following year, though scientists from the agency think an earthquake of magnitude 7.0 remains possible.","Disaster"
"In 1837 and 1838 Canadians rebelled against the oligarchic rule of the British colonial administration, first in Lower Canada, then in Upper Canada (or the Canadian provinces of Quebec and Ontario respectively).","Attack"
"In neighboring Dominican Republic, flooding isolated several towns and caused mudslides that killed 12 people.","Disaster"
"On 6 February 1996, the 757-200 operating the route crashed shortly after take-off from Puerto Plata's Gregorio Luperón International Airport.","Disaster"
"The Japanese also sank or damaged three cruisers, three destroyers, an anti-aircraft training ship, and one minelayer.","Disaster"
"It was confirmed in December 2011 that the cost of the operations was £212m – less than was estimated, including £67m for replacing spent munitions, is all expected to be met from the Treasury reserve.","Investigation"
"The bombers were tried and convicted in 1997.","Investigation"
"After an intensive battle on the night of 3 July, some partisan units broke the siege, but the main group again came under siege the next night and was mostly destroyed.","Disaster"
"The British forces then sortied, supported by recently arrived Royal Navy ships, and they attacked the retreating Americans.","Attack"
"The perpetrators were not immediately identified.","Investigation"
"The Battle of Rafa, also known as the Action of Rafah, fought on 9 January 1917, was the third and final battle to complete the recapture of the Sinai Peninsula by British forces during the Sinai and Palestine Campaign of the First World War.","Attack"
"Advance warning in the country prevented any storm-related fatalities, although four people suspected of looting were shot and killed during a curfew in Havana.","Injury"
"Each of the disputes ended with an Icelandic victory.","Attack"
"It also demonstrated that the effective suppression of student activism and the de-politicisation of the universities ranked high among the strategic goals of the new government.","Protest"
"Sacrifice 2009 featured Beer Money, Inc. defeating The British Invasion in the finals of the Team 3D Invitational Tag Team Tournament.","None"
"In 2015 there were 1,010 earthquakes in the CEUS region.","Disaster"
"The Chetniks attacked, led by Lieutenant Colonel Veselin Misita, who was killed during the assault.","Attack"
"The circumstances of the injuries were initially unclear; eyewitness accounts suggested that the officers involved used unnecessary force against Gray during the arrest—a claim denied by all officers involved.","Injury"
"The first fire began on July 8 near the Entiat River.","Disaster"
"The Pope was struck four times and suffered severe blood loss.","Attack"
"Severe Tropical Storm Cecil in May of 1989 caused devastating floods in central Vietnam, killing 751 people.","Disaster"
"Protest organizers said roughly 96,000 calls were placed to members of Congress and 555,000 ""pro-privacy emails"" were sent via the website.","None"
"Mexico City officials stated that at least 44 people were killed, with another twelve injured.","Injury"
"The top secret lists identified more than 61,000 members of the Polish elite: activists, intelligentsia, scholars, clergy, actors, former officers and others, who were to be interned or shot.","Investigation"
"In 1986 the Attorney General of Israel, Yitzhak Zamir, was forced to resign after he refused to call off an investigation into the Shin Bet's role in the affair.","Investigation"
"Aeroflot Flight 331, refers to an Ilyushin Il-62M, that crashed approximately away from José Martí International Airport, in Havana, Cuba, on 27 May 1977.","Disaster"
"As a result of the Tiernan murder inquiry, police re-opened at least ten further cold case murder investigations.","Injury"
"The lack of a clear victory by imperial forces led Governor Thomas Gore Browne to turn his attention to the Waikato, the centre of the Kingite movement, where king Tāwhiao was attracting the allegiance of increasing numbers of Māori across the North Island.","None"
"It is organised by Mar Thoma Evangelistic Association, the missionary wing of the Malankara Mar Thoma Syrian Church.","None"
"Operation Winter '94 (, Операција Зима '94) was a joint military offensive of the Croatian Army (HV) and the Croatian Defence Council (HVO) fought in southwestern Bosnia and Herzegovina between 29 November and 24 December 1994.","Attack"
"Two F-15Cs destroyed two Mirage F1s with AIM-7 missiles.","Disaster"
"The accident was investigated by the Accident Board of the Bureau of Air Commerce, under the authority of the Department of Commerce.","Investigation"
"Hurricane Norbert marked the first time a core of a hurricane was fully mapped in three-dimensions.","None"
"Hurricane Beta was a compact and intense tropical cyclone that impacted the southwestern Caribbean in late October 2005.","None"
"Three signalmen were present in the signalbox, the enquiry found that one of them had pulled the wrong lever; he had intended to set the points for the incoming train but instead set the points ahead of the Scarborough.","Investigation"
"Boulder County was worst hit, with recorded September 12 and up to of rain recorded by September 15, which is comparable to Boulder County's average annual precipitation (20.7 inches, 525 mm).","Attack"
"While police in the first investigation said that victims were killed on September 12, ""The Boston Globe"", ""Boston Herald"", and ""The Wall Street Journal"" reported that at least one relative of the victims believes that the killings took place on September 11.","Injury"
"According to the single best eyewitness chronicle—the bakhar by Shuja-ud-Daulah's Diwan Kashi Raj—about 40,000 Maratha prisoners were slaughtered in cold blood the day after the battle.","Injury"
"In addition, the killers claimed to have investigated passengers' cellphones and text messages to determine if they were involved with the Gulf Cartel or not, and that they were particularly worried about buses coming in from the states of Durango and Michoacán, two strongholds of the rival La Familia and the Sinaloa Cartels.","Investigation"
"An RCMP investigation concluded that the cause of the fire was arson; however, no arrests were made.","Disaster"
"In March of the following year, the Storm of the Century caused worse damage across a larger region of the eastern United States.","Disaster"
"This campaign was the first major test for the new Sultan against western Europe and a high point of a diplomatic struggle between the major Mediterranean powers.","Attack"
"Initially a tropical storm, it moved westward across the Caribbean Sea.","Disaster"
"This made it one of the costliest United States hurricanes at the time; as of 2013, it ranked thirty-second in the category.","None"
"The rest of those indicted or convicted were all pardoned in the final days of the presidency of George H. W. Bush, who had been Vice President at the time of the affair.","Investigation"
"The hurricane eventually led to the end of pineapple production in the Florida Keys for commercial purposes in 1915, although this was amplified by two further hurricanes in the following years.","Disaster"
"Culrav gives a platform to the students of MNNIT and those all over India to participate in events which are diverse and exciting.Initiated in 1987, Culrav has emerged as the most resplendent college based fest in Northern India and as one of the most awaited cultural event of the country.","None"
"In May 2013, Ibragim Todashev, a 27-year-old Chechen native and former mixed martial arts fighter who knew Tamerlan Tsarnaev, was shot and killed in Orlando, Florida, by law enforcement officers who had been interviewing him about the Waltham murders as well as the Boston Marathon bombings.","Injury"
"The American force advertised its presence by attempting to attack British outposts elsewhere on Lake Huron and Georgian Bay, so when they eventually landed on Mackinac Island, the garrison was prepared to meet them.","Attack"
"The DSB and JIT findings confirmed earlier claims by American and German intelligence sources as to the missile type and launch area.","Investigation"
"Tomlinson's death sparked a debate in the UK about the relationship between the police, media and public, and the independence of the IPCC.","Injury"
"According to different sources, these are the most violent events in Romania since the 2012 anti-presidential protests.","Protest"
"The trials for the six defendants began September 2012, with defendant Manuel Ortega pleading guilty to four felonies and sentenced the following month to 32 years in prison.","Investigation"
"The Battle of the Beanfield took place over several hours on 1 June 1985, when Wiltshire Police prevented The Peace Convoy, a convoy of several hundred New Age travellers, from setting up the 1985 Stonehenge Free Festival in Wiltshire, England.","Attack"
"As well as music, in 2009 the site also featured a fun fair, street entertainment and artists from The Comedy Store.","None"
"It took four days for the Secret Service to realize that bullets had struck the White House.","Attack"
"Joseph Schweitzer, one of the two American pilots, confessed in 2012 that he had burned the tape containing incriminating evidence upon returning to the American base.","Injury"
"The raid covered more than , beginning in Tennessee and ending in northern Ohio.","Attack"
"At least 20 fatalities were attributed to the storm in New York and New England.","Disaster"
"The flood occurred during Tanzania's rainy season the, months of March, April, and May, during which rainfall ranges from about 150mm to 250 mm.","Disaster"
"It recommended that ""neither negligence nor blame should be attributed to any individual"", but identified several factors.","Investigation"
"However, the unwillingness of some Indian tribes to participate in the expedition forced the French to reduce the scope of the operation and choose an easier target.","Attack"
"On 10 November 1982, Leonid Ilyich Brezhnev, the third General Secretary of the Communist Party of the Soviet Union (CPSU) and the fifth leader of the Soviet Union, died aged 75, a month before his 76th birthday after suffering a heart attack following years of serious ailments.","Injury"
"Nearly all economic activity was disrupted in the worst-hit areas.","None"
"What sets it apart, aside from being a beach show, is the fact that it usually occurs on a Wednesday.","Protest"
"Although the primary festival is held in summer each year, Midsumma works year-round to provide artists, social changers and cultural makers with support and tools to create, present and promote their work.","None"
"The ineffective inquiry, together with the initial accolades for Dyer, fuelled great widespread anger against the British among the Indian populace, leading to the Non-cooperation Movement of 1920–22.","Investigation"
"An ill-conceived proposal to invade Matamoros siphoned much-needed volunteers and provisions from the fledgling Texian Army.","Attack"
"At 05:00 the leading British ship, HMS ""Monarch"", was within range and opened fire on the French squadron, which divided.","None"
"The 2009 ASEAN Para Games officially known as the 5th ASEAN Para Games, was a Southeast Asian disabled multi-sport event held in Kuala Lumpur, Malaysia from 15 to 19 August 2009.","None"
"Protesters also argued that there were insufficient safeguards in place to protect sites based upon user-generated content.","None"
"Qawasmeh's lawyer stated ""What he said during interrogation was that he was responsible for ordering the kidnapping"", and that ""[t]he orders came from him personally.""","Investigation"
"When air traffic control (ATC) contacted the pilot, the pilot's speech had become significantly impaired and he was unable to respond to instructions.","None"
"According to the Syrian government, a suicide bomber attacked buses carrying riot police shortly before an anti-government protest was to begin.","Attack"
"When Flight 5634 was nearing Paris, a Korean Air Boeing 747 burst a tire on landing, causing controllers to close the runway briefly.","Disaster"
"Originally scheduled for 23 performances, the tour was expanded to 34 performances in North America due to heavy demand for tickets; 29 shows were confirmed in the United States with 5 shows in Canada.","Investigation"
"An inquest in Gibraltar ruled that the SAS had acted lawfully, while the European Court of Human Rights held that, although there had been no conspiracy, the planning and control of the operation was so flawed as to make the use of lethal force almost inevitable.","Injury"
"Three of the four SEALs were killed, and a quick reaction force helicopter sent in for their aid was shot down with a rocket-propelled grenade fired from an RPG-7, killing all eight U.S. Navy SEALs and all eight U.S. Army Special Operations aviators on board.","Injury"
"The storm was first identified as a tropical low on 20 November 2013 well to the northwest of Australia.","Investigation"
"In all, one crew member and 11 passengers suffered serious injuries, while eight crew and 99 passengers suffered minor injuries.","Injury"
"As reigning champions, Liverpool received a bye in the first round, which meant that Club Brugge played two matches more to reach the final.","Protest"
"To block the Persian advance, a small force of Greeks blocked the pass of Thermopylae, while an Athenian-dominated Allied navy engaged the Persian fleet in the nearby straits of Artemisium.","None"
"The Spanish evacuated the captured soldiers, 135 civilians and 300 slaves, and destroyed their settlement, which they claimed had been used as a base for piracy and privateering.","Disaster"
"On 19 December 2013, both of the attackers were found guilty of Rigby's murder.","Attack"
"TNA changed the date of the 2008 event to be held in November.","None"
"The clash resulted in one killed on each side and contributed to the worsening ethnic tensions.","Injury"
"This is the only major war Ashoka fought after his accession to the throne.","Attack"
"The Russian troops set out from Kizlyar in April 1796 and stormed the key fortress of Derbent on 10 May.","Attack"
"In August 2015, the Connecticut Supreme Court, in defiance of the State Legislature which had abolished the death penalty only for future cases, ruled that the death penalty was unconstitutional, and commuted all death sentences to life-in-prison, even if that sentencing took place prior to the date that the death penalty was abolished.","None"
"In a televised statement on the evening of July 25, Kennedy said his conduct immediately after the accident ""made no sense to me at all"", and that he regarded his failure to report the accident immediately as ""indefensible"".","Disaster"
"The aircraft involved in the accident was eventually returned to service with a replacement right wing salvaged from Air Canada Flight 797 that had been destroyed by fire after an emergency landing at Cincinnati/Northern Kentucky International Airport earlier that year.","Disaster"
"Having cut this line of retreat, Chaytor's Force proceeded eastwards to attack and capture Es Salt, before riding on to attack and capture the Ottoman rearguard of the Fourth Army defending Amman.","Attack"
"For the first time, the committee opened the entire length of the National Mall as the public viewing area for the swearing-in ceremony, breaking with the tradition of past inaugurations.","Disaster"
"Both sides utilized an explosive incident to settle the rivalry by full-scale war.","Attack"
"Finally, on 10 March, the German withdrawal ended and the last bridges were destroyed.","Disaster"
"They also admitted that they had failed to carry out an effective and independent inquiry into the case.","Investigation"
"The winds also severely damaged crops.","Disaster"
"Eritrea and Ethiopia, two of the world's poorest countries, spent hundreds of millions of dollars on the war and suffered tens of thousands of casualties as a direct consequence of the conflict.","Attack"
"After participants and journalists had been beaten and arrested, organizers urged a change to ""strolling"" on 27 February in order to minimize police reactions while sustaining the cycle of actions.","Injury"
"The 17th Field Artillery Brigade of the United States Army also deployed 200 soldiers from Joint Base Lewis–McChord to help fight the fires.","Disaster"
"The driver, co-driver and second man on the express locomotive all died.","Injury"
"The month before the bombings, the British government had lifted the UVF's status as a proscribed organisation.","Attack"
"In one of the more famous examples of this, a state committee, investigating gambling at the fabled Balinese Room, was told by the local sheriff that he had not raided the establishment because it was a ""private club"" and because he was not a ""member"".","Attack"
"According to Jesse Rosen, CEO of the League of American Orchestras, the Festival is ""distinctive for being focused entirely on contemporary works.""","None"
"The earthquake and tsunami also caused extensive and severe structural damage in north-eastern Japan, including heavy damage to roads and railways as well as fires in many areas, and a dam collapse.","Attack"
"On the north bank of the Ancre, the attack of VIII Corps was a disaster, with large numbers of British troops being shot down in no man's land.","Attack"
"At around midday on 9 May police found the gunman dead inside the master bedroom of the house.","Injury"
"The Battle of the Ancre was fought by the Fifth Army (Lieutenant-General Hubert Gough), against the German 1st Army (General Fritz von Below).","Attack"
"Tensions exist between these states and the central government as well as amongst their native tribal people and migrants from other parts of India.","Attack"
"The explosion came two days after Vladimir Putin won reelection and several weeks after a suicide bombing killed 41 Moscow subway passengers.","Injury"
"At the end of 1940, Hitler confirmed the plan to liquidate ""all leading elements in Poland"".","Investigation"
"The cause of the crash was independently investigated by two agencies in two countries: the United States National Transportation Safety Board (NTSB) and the Indonesian National Transportation Safety Committee (NTSC).","Investigation"
"A subsequent investigation established the cause of the accident as pilot error.","Disaster"
"According to official reports by the National Disaster Risk Reduction and Management Council (NDRRMC), 222 were reported dead, 8 were missing, and 976 people were injured.","Injury"
"Over a period of several days, the system became increasingly organized and was classified as a depression on April 24.","Investigation"
"The Umayyad army retreated in haste before the Türgesh arrived, managing to cross the Oxus river just in time, while their rearguard engaged the pursuing Türgesh.","None"
"The race has been held every year since, except in 1987 when only a half-marathon was run.","None"
"The exodus, constituting 'the biggest expulsion of the war', took place at the end of a truce period, when fighting resumed, prompting Israel to try to improve its control over the Jerusalem road and its coastal route which were under pressure from the Jordanian Arab Legion, Egyptian and Palestinian forces.","Attack"
"The total property damage was estimated at $125 billion (2005 USD), roughly four times the damage wrought by Hurricane Andrew in 1992, tying Katrina with Hurricane Harvey of 2017 as the costliest Atlantic tropical cyclone on record.","Disaster"
"It was a part of the Battle of Pusan Perimeter, and was one of several large engagements fought simultaneously.","Attack"
"Moving westward across the Caribbean Sea, Janet fluctuated in intensity, but generally strengthened before reaching its peak intensity as a Category 5 hurricane with winds of .","Disaster"
"Not counted in the 227 were four victims thought to be children, but whose remains were never claimed or identified.","Investigation"
"The official logo of the First Asiad depicted a bright sun in red with 16 rays and a white circle in the middle of the disc of the sun and eleven rings, representing each participating nation, on a white background, symbolising peace.","None"
"Many of its inhabitants were slaughtered, and the remainder driven off as slaves.","Injury"
"On September 14, Gladys abruptly intensified into a Category 2 hurricane on the Saffir–Simpson hurricane wind scale.","Disaster"
"Including every date on this tour, the first show began on February 27, 2015 in San Francisco and ended on Abu Dhabi on February 12, 2016, nearly a year after the tour's initial announcement.","None"
"Moderate to heavy rains accompanied the system as well, with a storm maxima of also occurring on Centre Island.","Disaster"
"A great number of residents of the area was massacred, and the invaders saved only young men, whom they enslaved.","Injury"
"Miscommunication between the two pilots was cited as a contributing factor.","None"
"It is considered the worst of the nearly 25 riots in the United States during the ""Red Summer"" of 1919, so named because of the racial and labor related violence and fatalities across the nation.","Injury"
"After a short confrontation, Moore was fatally wounded, and his vessel and crew were captured.","Injury"
"The sit-in at Taksim Gezi Park was restored after police withdrew from Taksim Square on 1 June, and developed into a protest camp, with thousands of protesters in tents, organising a library, medical center, food distribution, and their own media.","Protest"
"The battle began when the IDF launched Operation Abiray-Lev (""Stouthearted Men""), attempting to establish a corridor to the canal and allow bridges to be laid for a crossing.","Attack"
"During the recovery effort at the World Trade Center site, workers recovered and identified remains from Flight 175 victims, but many other body fragments could not be identified.","Investigation"
"Following the World War II German-led Axis invasion of Yugoslavia in April 1941, the Kingdom of Yugoslavia was partitioned.","Attack"
"Major damage was sustained by 14,256 additional single-family dwellings, and another 26,211 single-family dwellings received minor damage.","Disaster"
"Shortly afterwards, the constitutional monarchy was restored and the Khmer Rouge was outlawed by the newly formed Cambodian government.","None"
"Over 40% of all cargo crossings from Mexico to the United States crosses through the border checkpoints in Nuevo Laredo.","None"
"Hezbollah's 7 October 2014 attack on Israeli forces, its first declared such operation since 2006, proved the seriousness of the threat.","Attack"
"A major manhunt led to the discovery of the suspects, who exchanged fire with police.","Investigation"
"The Lashkar-e-Jhangvi group claimed responsibility for the blast, the second major attack against the Shia Hazaras in a month.","Attack"
"A total of 30 different crime scenes were investigated.","Investigation"
"The responsibility for investigation was delegated to the Dutch Safety Board (DSB) and the Dutch-led joint investigation team (JIT), who concluded that the airliner was downed by a Buk surface-to-air missile launched from pro-Russian separatist-controlled territory in Ukraine.","Investigation"
"All the accused were arrested and charged with sexual assault and murder.","Injury"
"In 1893, Illinois Governor John Peter Altgeld pardoned the remaining defendants and criticized the trial.","Investigation"
"The 1927 Nova Scotia hurricane (also known as the 1927 Great August Gale or the Great Gale of August 24) was the deadliest Canadian hurricane since at least 1900.","Disaster"
"The killings were extensively covered by German media leading to forming of a public opinion in support of Croatia.","Injury"
"Celtic's Bertie Auld however refused to leave the field on being ""sent off"" and still played for the whole game.","None"
"During the Wars, a central part of British strategy was to isolate French ports from international trade in an attempt to both restrict French imports of food and military supplies and simultaneously to damage the French economy.","Attack"
"The convergence of these forces made the ensuing battle the largest of the civil wars.","Attack"
"The second Schweinfurt raid was a World War II air battle that took place on 14 October 1943, over Nazi Germany between forces of the United States 8th Air Force and German ""Luftwaffe"" fighter arm (""Jagdwaffe"").","Attack"
"After beating Umaga in a Street Fight, Triple H faced off against Umaga in a Survivor Series match.","Attack"
"According to professor Firuz Kazemzadeh, ""it is impossible to pin the blame for the massacres on either side.","Injury"
"The first war was fought contemporaneously with the Lusitanian War in Hispania Ulterior.","Attack"
"Rice crops suffered extensive damage, with losses estimated at up to $10 million (1949 USD, $ USD).","Disaster"
"Mullon was mortally wounded in the engagement, and his crew lost 63 casualties compared to 50 on board ""Nymphe"".","Attack"
"Only 12 of the victims were initially identified.","Investigation"
"These culminated in the Treaty of Paris in 1783, in which King George III recognized the independent United States of America.","None"
"In 2018, over 8,000 participated in the march.","None"
"The four-year NTSB investigation concluded with the approval of the Aircraft Accident Report on August 23, 2000, ending the most extensive, complex, and costly air disaster investigation in U.S. history to that time.","Investigation"
"The Schenecker double homicide occurred on January 27, 2011; 16-year-old Calyx and 13-year-old Beau Schenecker were found dead by police at their home in Tampa, Florida.","Injury"
"The war between the government and Kīngitanga Māori spread to other areas of the North Island, with the biggest single campaign being the invasion of the Waikato in 1863–1864, before hostilities concluded with the pursuits of Riwha Tītokowaru in Taranaki (1868–1869) and guerrilla fighter Te Kooti Arikirangi Te Turuki on the east coast (1868–1872).","Attack"
"The reorganized 11th Army, consisting of 10 divisions, 4 brigades, and over 110,000 men, assumed the task of attacking Hengyang.","Attack"
"Tracking westward, the initial tropical depression intensified into a tropical storm several hours after tropical cyclogenesis.","Disaster"
"With 39 dead, this is the most intense and deadliest earthquake that has hit Guatemala since the earthquake of 1976.","Disaster"
"Insurgent groups known collectively as the mujahideen, as well as smaller Maoist groups, fought a guerrilla war against the Soviet Army and the Democratic Republic of Afghanistan government, mostly in the rural countryside.","Attack"
"The battle that took place on 26 July 1566 during the Northern Seven Years' War and was a slight victory for a Swedish fleet over a combined Danish and Lübecker fleet.","Attack"
"Following the 2016 inquest verdict into the 1989 Hillsborough disaster, previously censored documents suggesting links between the actions of senior South Yorkshire Police officers at both incidents were published.","Investigation"
"Liberted World Tour is the second world tour of Mexican singer Christian Chávez, and started on 2 September, in Sacramento, California, United States.","None"
"In all, Fabian caused around US in damage and eight deaths.","Disaster"
"A second outbreak occurred in 2013 with 368 cases reported by August.","Disaster"
"A number of monuments honour the dead.","Injury"
"The opposition claimed fraud in the process and called for an inquiry.","Investigation"
"Throughout New England, 206 dams were damaged or destroyed, and about 7,000 people were injured.","Disaster"
"Security forces then ""rose to confront these crimes"" and ""taught the murderers a lesson that has snuffed out their breath"".","None"
"The Glorious First of June (also known as the Fourth Battle of Ushant or, in France, as the ' or ') of 1794 was the first and largest fleet action of the naval conflict between the Kingdom of Great Britain and the First French Republic during the French Revolutionary Wars.","Attack"
"The battle occurred at approximately 10 in the morning (local time) on the 31st of August, 1896 near Pasong Kalabaw (Now known as Sta.","Attack"
"About 500 to 600 people were missing, nearly 500 were injured and 15,000 were left homeless.","Injury"
"The feint captured Winnipeg crossroads as the main attack by three battalions one behind the other, advanced from Vancouver Farm, Keerselaere and took Hubner Farm.","Attack"
"The US refused to describe the action as a coup.","Investigation"
"After passing west of Bermuda, the tropical cyclone tracked across numerous shipping lanes.","Disaster"
"On 12 June Berwick was killed by a cannonball while inspecting the trenches, and command of the besiegers fell to Marshals d'Asfeld and Noailles.","Injury"
"In May ""Arriverà"" is certified multiplatinum digital.","Investigation"
"The airstrikes against the PKK resulted in an increase in violence in Turkish Kurdistan.","Attack"
"The city of Winter Park, north of Orlando, also sustained considerable damage since its many old, large oak trees had not experienced high winds.","None"
"Although there were no fatalities in the accident, it highlighted a number of shortcomings with jet aircraft operations at Kansas City Downtown Airport.","Disaster"
"Port Lavaca, Texas was inundated by a 15 ft (4.6 m) storm surge, which at the time was the third highest ever recorded in the state.","Disaster"
"The most crucial supply item in Operation Pedestal was fuel, carried by , an American tanker with a British crew.","None"
"The video has had more than 12 million views as of August 2018.","Protest"
"The Lakota warriors fought back, but many had already been stripped of their guns and disarmed.","Attack"
"The Combat of the Côa (July 24, 1810) was a skirmish that occurred during the Peninsular War period of the Napoleonic Wars.","Attack"
"In early 1998, KLA attacks targeting Yugoslav authorities in Kosovo resulted in an increased presence of Serb paramilitaries and regular forces who subsequently began pursuing a campaign of retribution targeting KLA sympathisers and political opponents; this campaign killed 1,500 to 2,000 civilians and KLA combatants.","Attack"
"In two separate incidents during the manhunt, police shot at three civilians unrelated to Dorner, mistaking their pickup trucks for the vehicle being driven by Dorner.","Disaster"
"In February 2014, Pausini confirmed on her official site that the tour would be prolonged and that more shows would happen after the 20 originally planned.","Investigation"
"The leader of the National Transportation Safety Board (NTSB) team investigating said it was likely that the accident would have been prevented had positive train control (PTC) been installed.","Investigation"
"Two of the conspirators obtained false identification to purchase handguns out-of-state, stalked Turner, and planned to murder him near his workplace in Portland, Oregon.","Injury"
"Severe Tropical Cyclone Ron was the strongest tropical cyclone on record to impact Tonga.","Disaster"
"At least 17 deaths occurred on the islands, though many others—some related only indirectly to the storm—were reported in the aftermath.","Injury"
"Around 4,646 athletes participated at the event, which featured 404 events in 38 sports.","None"
"Because of this, Schueremans was heckled during an appearance on HUMO's Pop Poll, a Belgian alternative award show.","None"
"Yuichi Nishimura and Sachiko Yamagishi were named as men's referee of the year.","None"
"Multiple investigations in the aftermath of the storm concluded that the U.S. Army Corps of Engineers, which had designed and built the region's levees decades earlier, was responsible for the failure of the flood-control systems, though federal courts later ruled that the Corps could not be held financially liable because of sovereign immunity in the Flood Control Act of 1928.","Disaster"
"Due to the severity of the storm, the name Daman was retired and replaced with Denia.","Disaster"
"The Battle of the Bulge, also known as the Ardennes Counteroffensive, was the last major German offensive campaign on the Western Front during World War II, and took place from 16 December 1944 to 25 January 1945.","Attack"
"Operation Summer '95 was launched in response to the resumption of attacks by the VRS and the RSK military on the Bihać pocketone of six United Nations Safe Areas established in Bosnia and Herzegovina.","Attack"
"""Unfinished Business"" debuted at number one on the U.S. ""Billboard"" 200 chart amid controversy and criticism.","None"
"Seven of the Blues & Royals' horses also died in the attack.","Attack"
"The genocide was carried out during and after World War I and implemented in two phases—the wholesale killing of the able-bodied male population through massacre and subjection of army conscripts to forced labour, followed by the deportation of women, children, the elderly, and the infirm on death marches leading to the Syrian Desert.","Injury"
"As of January 2014, there has been no evidence of sustained human-to-human transmission; however, a study group headed by one of the world’s leading experts on avian flu reported that several instances of human-to-human infection are suspected.","Investigation"
"On 6 September 2013, the United States Senate filed a resolution to authorize use of military force against the Syrian military in response to the Ghouta attack.","Attack"
"On the first night of the war a USAF EF-111A Raven ""Spark Vark"", flown by pilot Captain James Denton and Electronic Warfare Officer (EWO) Captain Brent Brandon, was on an electronic warfare mission ahead of a group of jets on a bombing run.","Attack"
"Amorium was systematically destroyed, never to recover its former prosperity.","Disaster"
"21 Sikh soldiers fought on behalf of the British Indian Army against 10,000 Pashtun Orakzai tribesmen.","Attack"
"Genesis (2005) was a professional wrestling pay-per-view (PPV) event produced by Total Nonstop Action Wrestling (TNA) promotion that took place on November 13, 2005 at the Impact Zone in Orlando, Florida.","None"
"The trial resulted in a guilty verdict, and the findings of the Trial Chamber regarding Kijevo, made in 2007, were confirmed by the ICTY Appeals Chamber in 2008, based on witness testimonies about it being ethnic cleansing.","Investigation"
"They also won two of their three matches against South Africa, thereby winning the Freedom Cup for the first time.","None"
"Blake's attack on Suchet's right flank went awry and soon the poorly-trained Spanish troops were fleeing.","Attack"
"The event's roots are traced to 1886 when the Calgary and District Agricultural Society held its first fair.","Investigation"
"The attack was preceded by two hours of shelling by 152 mm artillery, during which helicopters were circling overhead the village and machine-gunning those that tried to escape.","Attack"
"It features artists simultaneously performing on a main stage as well as four standing-room only superlounge stages.","None"
"The 3rd Light Horse Brigade remained in the area to garrison Jenin until they advanced to capture Tiberias on 25 September 1918, before participating in the pursuit to Damascus.","None"
"The rebels all went home before the arrival of the army, and there was no confrontation.","Attack"
"One person died; 31-year-old Polish dad-of-one Przemyslaw Jablonski.","Injury"
"The 1953 North Sea flood was a major flood caused by a heavy storm that occurred on the night of Saturday, 31 January 1953 and morning of Sunday, 1 February 1953.","Disaster"
"Five people were confirmed dead as a direct result of the flooding and over 100,000 people were displaced throughout the region.","Investigation"
"However, it gradually intensified, and reach hurricane strength south of Jamaica on August 25 before coming ashore the Yucatán Peninsula late on August 27.","None"
"On the first day of battle, they were opposed by several conventional, wooden-hulled ships of the Union Navy.","Attack"
"After limited campaigning and the siege of Wallingford, Stephen and Henry agreed a negotiated peace, the Treaty of Wallingford, in which Stephen recognised Henry as his heir.","None"
"Due to the sporadic cases of violence present at the protests, the government had the police and paramilitary Basij violently suppress them; protesters were beaten, pepper sprayed, arrested and tortured, and even shot in some cases.","Injury"
"Three people injured: two Belgians and a Hungarian.","Injury"
"The search for the missing airplane, which became the most costly in aviation history, focused initially on the South China and Andaman seas, before analysis of the aircraft's automated communications with an Inmarsat satellite identified a possible crash site somewhere in the southern Indian Ocean.","Investigation"
"The explosion killed the Moldovan tennis federation chief, Igor Turcan.","Attack"
"Eight of the men were killed and the rest were wounded.","Injury"
"Advisories also had to be cleared through the Weather Bureau office in New Orleans, resulting in late releases.","None"
"French dragoons supported by infantry and commanded by General Exelmans destroyed a Prussian brigade of hussars under the command of Lieutenant Colonel Eston von Sohr (who was severely wounded and taken prisoner during the skirmish).","Disaster"
"While the NTSB's report stated the impact was ""a result of the relief first officer's flight control inputs"", the report did not determine a specific reason for the relief first officer's alleged actions.","Protest"
"The Games were officially opened by President Vladimir Putin.","None"
"The Cumbria shootings was a shooting spree which occurred on 2 June 2010 when a lone gunman, Derrick Bird, killed 12 people and injured 11 others before killing himself in Cumbria, England.","Injury"
"Eleven people (ten civilians and a police officer) were killed, many of them elderly, and 63 were injured.","Injury"
"Two days later, the hurricane resumed moving northwestward and weakened to a tropical storm shortly thereafter.","Disaster"
"For instance, the rebellion was identified to have communist roots as it was the first part of Pol Pot's social and political two-phased strategy executed by the CPK.","Investigation"
"By the end of January 2014, cases had been confirmed in Saint Barthélemy, as well as the British Virgin Islands, Dominica, and French Guiana.","Investigation"
"In 2011 the Ombudsman concluded that there were major failings in the police investigation, but no evidence that police colluded with the UVF.","Investigation"
"The British destroyed military defenses in the area, including supplies that had been cached by the Continental Army in anticipation of an assault on British-occupied Newport, Rhode Island.","Disaster"
"In favorable conditions, the system quickly intensified as it steadily moved northward, attaining hurricane intensity later that day.","Disaster"
"Some areas of Yugoslavia were annexed by neighboring Axis countries, some areas remained occupied, and in other areas Axis puppet states such as the Independent State of Croatia (, or NDH) were created during the invasion on 10 April.","Attack"
"On August 13, 1918, a small group of Alpini mountain troops (308th Company, Battalion ""Monte Ortler"") conducted a surprise attack on the peak, successfully taking the fortified position.","Attack"
"A number of Morsi's advisers resigned in protest, and many judges spoke out against his actions as well.","Protest"
"Yeo's orders did not include Borgella's ships and Yeo reasoned that the Haitian flagship, the large frigate ""Heureuse Réunion"" (recently renamed from ""Améthyste"" and often reported under its former name), presented a serious threat to international trade in the region.","Protest"
"When the Pullman Company refused recognition of the ARU or any negotiations, ARU called a strike against the factory, but it showed no sign of success.","Attack"
"The report cast doubt on the government's conclusion that Ivins was the perpetrator, finding that the type of anthrax used in the letters was correctly identified as the Ames strain of the bacterium, but that there was insufficient scientific evidence for the FBI's assertion that it originated from Ivins's laboratory.","Investigation"
"Additional dates at the Pontiac Silverdome were cancelled.","None"
"All 116 people onboard were killed as a result of the crash.","Disaster"
"Soon afterwards, the protests spread to many other major cities in Israel as thousands of Israeli protesters began establishing tents in the middle of central streets in major cities as a means of protest.","Protest"
"Total damage in the United States was estimated at $500 million (2006 USD).","Disaster"
"Clayton frantically began to try to stop the proceedings, fearing that people would be injured.","Injury"
"The ICU then splintered into more radical groups, notably Al-Shabaab, which have since been fighting the Somali government and the AU-mandated AMISOM peacekeeping force for control of the country.","Attack"
"Musick and his crew of six died in the crash.","Injury"
"In southern Camagüey Province, several bridges and railroads were reportedly washed out.","Disaster"
"Most of the battles were fought by opposing infantry and armoured units, with substantial backing from air forces, and naval operations.","None"
"Nine passengers and the driver of the electric train were killed.","Injury"
"Ljubo Jednak, the only survivor of these killings, went on to testify at the trials of the several prominent figures in the NDH after the war.","Attack"
"Amidst heavy fighting and a second failed Japanese counterattack, Sattelberg was secured in late November and the Australians began an area advance to the north to secure a line between Wareo and Gusika.","Attack"
"Gregory Stanton, the President of the IAGS in 2007–2008 and the founder of Genocide Watch, endorsed the ""repudiation by the world's leading genocide scholars of the Turkish government's ninety-year denial of the Ottoman Empire's genocides against its Christian populations, including Assyrians, Greeks, and Armenians.""","Injury"
"The Battle of the Barracks was an escalation of the conflict between Croatian authorities and the Croatian Serbs who openly revolted in August 1990 and the JNA's efforts to preserve the Yugoslav federation.","Attack"
"QPR reduced the deficit in the 63rd minute when Roger Morgan scored and then levelled the match 12 minutes later courtesy of a goal by Rodney Marsh.","None"
"In Mexico, the storm's outer rainbands killed three people in Acapulco, one person in Oaxaca, and another in Chiapas.","Injury"
"As a result of their triumph, Galatasaray became the first UEFA Cup winner to compete for the UEFA Super Cup, following the dissolution of the UEFA Cup Winners' Cup, and also initially qualified for the later-cancelled 2001 FIFA Club World Championship.","None"
"Clashes continued in parallel with peace talks until 1970, when Saudi Arabia recognized the Republic, and a ceasefire came into effect.","None"
"Using reconstructions and eyewitness accounts, it presented the possibility that the three IRA members had been unlawfully killed.","Injury"
"As a result, Continental losses of dead, wounded, and captured were each double or more those of the British, depriving Washington of some 180-300 men needed for his campaign.","Injury"
"After winding through of Baltimore, the race ends at virtually the same point at which it starts.","None"
"The subsequent investigation by Spanish authorities concluded that the primary cause of the accident was the KLM captain's decision to take off in the mistaken belief that a takeoff clearance from air traffic control (ATC) had been issued.","Investigation"
"The Manche Chʼol unsuccessfully rebelled against Spanish control in 1633.","Attack"
"The campaign included several separate battles.","Attack"
"During this period, these southern Malaysian states, along with Singapore, experienced abnormally high rainfall which resulted in massive floods.","Disaster"
"Also, a new weapon ""Stinger"", a shoulder-launched anti-aircraft missile was used in this conflict by the LTTE.","Attack"
"Numerous trees and power lines sustained damage, which left 120,000 people without electricity.","Disaster"
"The Treaty of Moscow (March 1921) between Soviet Russia and the Grand National Assembly of Turkey and the related Treaty of Kars (October 1921) confirmed the territorial gains made by Karabekir and established the modern Turkish–Armenian border.","Investigation"
"Another explosion targeted a police station in an eastern suburb of the city, near the international airport.","Attack"
"It led to nationwide protests, particularly in the state of Guerrero and Mexico City, and international condemnation.","Protest"
"After a lengthy chase, ""Phoenix"" caught the cutter ""Duke of York"", ""Sylph"" seized the brig ""Mercury"", while ""Pegasus"" succeeded in driving the other brigs, ""Echo"" and ""Gier"" ashore, where both were believed wrecked.","None"
"To date it has sold over 86,000 copies, is certified double platinum and ranked as the fortieth best-performing album of all time in Finland.","Investigation"
"All ten on board were killed in the accident, which was the first fatal crash of a Northwest Airlines aircraft or a Lockheed Super Electra.","Disaster"
"It was the sixth named storm of the season, having developed on January 24, 1989 in the south-west Indian Ocean.","Disaster"
"Crucial words were missing, causing the troop train to proceed on its way rather than halt on a siding, resulting in the collision.","Disaster"
"It was not officially named by the US National Hurricane Center as it was operationally classified as a non-tropical low.","Investigation"
"It followed centuries of conflict over this territory, first among Native American tribes, and then with the added shifting alliances among the tribes and the European powers of France and Great Britain, and their colonials.","Attack"
"By August 2014, 25 Caribbean countries had confirmed at least one case.","Investigation"
"He was the first U.S. president to be assassinated, and Lincoln's funeral and burial marked an extended period of national mourning.","Injury"
"It was in that month that the Empress of Russia died and her successor Paul, who detested the Zubovs and had other plans for the army, ordered the troops to retreat back to Russia.","Injury"
"Coastal flooding left minor damage, mostly in Galveston and Matagorda counties.","Disaster"
"In all, more than 73,000 structures were damaged, of which more than 14,500 were totally destroyed.","Disaster"
"The storm destroyed large areas of crops and disrupted transportation, including damaging the road between Vatomandry and Brickaville.","Disaster"
"The ambush was initially dubbed as the ""Sabbath massacre"" () by official Israeli spokespersons.","Attack"
"In 1586 the Russians returned, and after subduing the Khanty and Mansi people through the use of their artillery they established a fortress at Tyumen close to the ruins of Qashliq.","Disaster"
"Following the deaths and damage, the name ""Erica"" was later retired.","Disaster"
"While it was a Category 2 hurricane off the coast of the Northeastern United States, the storm became the largest Atlantic hurricane on record (as measured by diameter, with tropical-storm-force winds spanning ).","Disaster"
"Early reports estimated that 91 Jews had been murdered.","Injury"
"Roeder was arrested within three hours of the shooting and charged with first-degree murder and related crimes two days later.","Injury"
"The outbreak has also affected Guinea, which shares a reservoir near the coast.","Disaster"
"The reason for the relief first officer's actions was not determined.","Protest"
"The sites were located at Hylands Park in Chelmsford and Weston Park in South Staffordshire.","None"
"As at Wounded Knee, the Moro group included women and children.","None"
"Madonna responded saying that her main intention with the performance was to bring attention to the millions of children dying in Africa from hunger and poverty.","Injury"
"The 2012 Makhachkala attack occurred on 3 May 2012 after two suicide bombers detonated explosive-filled cars near a traffic police checkpoint in Makhachkala, a city in the republic of Dagestan, Russia, killing as many as 40 people.","Injury"
"The Binh Hoa massacre was featured in a Korean documentary ""The Last Lullaby"" on the subject of Korean war crimes in South Vietnam.","Injury"
"General Carleton escaped from Montreal, and made his way to Quebec City to prepare its defences against an anticipated attack.","Attack"
"The system subsequently became a Category 5 tropical cyclone on both the Australian tropical cyclone intensity scale and the Saffir-Simpson hurricane wind scale on December 27.","Disaster"
"In the 1910s, women in Agbaja stayed away from their homes for a month because they thought that men were killing pregnant women.","Injury"
"The 1st Von Erich Memorial Parade of Champions was a major professional wrestling event held by Dallas, Texas based World Class Championship Wrestling (WCCW) on May 6, 1984 at the Texas Stadium in Irving, Texas.","None"
"The Coastal Road massacre of 1978 was an attack involving the hijacking of a bus on Israel's Coastal Highway in which 38 Israeli civilians, including 13 children, were killed, and 71 were wounded.","Attack"
"The Great Train Wreck of 1856 occurred in Whitemarsh Township, Pennsylvania, between Camp Hill Station and Fort Washington Station, on July 17, 1856.","Disaster"
"Further inland, the torrential rains led to flooding in Indiana, resulting in more considerable damage as opposed to the coast.","Disaster"
"Francelia ranked as the deadliest tropical cyclone in Guatemala, until Hurricane Mitch in 1998.","Disaster"
"All twenty-five people on board the aircraft died.","Injury"
"A total of 4,922 people were killed in the city alone, with 2,300 perishing along the riverbank.","Injury"
"A commission appointed by the central government, whose appointment was later held to be unconstitutional, stated that the fire had been an accident.","Disaster"
"The engagement was the third successful French attack on an Indian Ocean convoy in just over a year, the French frigates being part of a squadron operating from the Île de France under Commodore Jacques Hamelin.","Attack"
"In the course of the operation, 10 German divisions were either destroyed or left with remnants of their troops.","Disaster"
"About 120,000 people were left without power in the state due to high winds.","None"
"The IAAF describe the altitude of the race, , as being ""energy-draining"", an assessment backed up by the 2013 winner Kibet.","None"
"The 2010 Karachi riots started on August 3, 2010, after the assassination of Parliament member Raza Haider, a member of the Muttahida Qaumi Movement political party, on the night of August 2, 2010, in Karachi, Pakistan.","Injury"
"In recognizing Mutai's mark as the ""fastest Marathon ever run"", the International Association of Athletics Federations noted that the performance was not eligible for world record status given that the course does not satisfy rules regarding elevation drop (it has ""more than three times the elevation drop permitted for record-setting"") and start/finish separation.","Investigation"
"The 2012–13 Egyptian protests were part of a large scale popular uprising in Egypt against then-President Mohamed Morsi.","Protest"
"A tropical disturbance first formed between Madagascar and Réunion on February 9 and slowly intensified thereafter.","None"
"He began investigating their complaints and found evidence that Saldívar had embezzled $60,000 from the fan club and the boutiques using forged checks.","Investigation"
"Around 700 men were lost in engineering units, 70th Tank Battalion, and seaborne vessels sunk by the enemy.","Injury"
"Widespread structural and agricultural losses took place in addition to the significant loss of life, with damage estimated at ₫300 billion ($71.7 million).","None"
"Arnold Palmer birdied the final two holes to win by one stroke over runner-up Ken Venturi.","None"
"On June 5, 1968, presidential candidate Robert F. Kennedy was mortally wounded shortly after midnight at the Ambassador Hotel in Los Angeles.","Injury"
"A report at the end of the year said that 1,739 people had been killed throughout 2009 by violence in Mogadishu.","Injury"
"For the French, this validated the claim that it was impossible to operate tight ensnaring operations in Vietnam's jungle, due to the slow movement of their troops, and a foreknowledge by the enemy, which was difficult to prevent.","Investigation"
"The possibilities of Irish Home Rule and self-governance for India were also discussed.","None"
"As all of those killed were Protestant, some interpreted the bombing as a sectarian attack against their community.","Injury"
"In addition, the HSCA found that the original federal investigations were ""seriously flawed"" with respect to information-sharing and the possibility of conspiracy.","Investigation"
"Armed with rifles and other weapons, they killed 12 people and injured 11 others.","Injury"
"The French Revolution differed from other revolutions in being not only national, for it intended to benefit all humanity.","None"
"Keating decided to challenge Hawke once more in December 1991.","None"
"The Chinese middle schools riots were a series of riots that broke out in the Chinese Singaporean community in 1956, resulting in 13 people killed and more than 100 injured.","Injury"
"The victory, a product of Lee's audacity and Hooker's timid decision-making, was tempered by heavy casualties, including Lt. Gen. Thomas J.","Disaster"
"A second attack took place on 28 June, as part of a series of feints, intended to simulate a threat to the cities of Lens in the First Army area and Lille in the Second Army area.","Attack"
"In Vietnam, Chanthu wrought substantial damage and killed 38 people.","Injury"
"The precursor of the hurricane produced substantial rainfall across the Greater Antilles, causing one death in the Dominican Republic.","Disaster"
"According to the Iranian government, the cruiser negligently shot down the aircraft, which was transmitting IFF squawks in Mode III, a signal that identified it as a civilian aircraft, and not Mode II as used by Iranian military aircraft.","Investigation"
"The storm was the eighth named storm and third hurricane of the annual hurricane season.","Disaster"
"As a result of rising ambient radiation levels off-site, a radius exclusion zone was created 36 hours after the accident.","None"
"This marked the first time since 1983 when the original lineup of the band toured together.","None"
"Zagreb was the largest of several cities hit by the attack.","Attack"
"On 28 October 2013, a car crashed in Tiananmen Square, Beijing, China, in what police described as a terrorist suicide attack.","Attack"
"Three of the men in the party, two of whom were wounded, escaped and made it to the other wagon train and when it came up the natives scattered into the countryside, leaving behind Mrs. Halloway who survived, and six dead.","Injury"
"The storm soon became disorganized and was only a hurricane for six hours, before re-curving towards the Mexican coast.","Disaster"
"The storm caused 19 fatalities, 14 of which occurred after two separate ships sunk.","Disaster"
"The main Umayyad army came to the rescue of the baggage train's escort, which suffered heavy casualties.","Disaster"
"A public memorial service for Michael Jackson was held on July 7, 2009 at the Staples Center in Los Angeles, California, twelve days after his death.","Injury"
"The twenty-fourth tropical cyclone, twenty-second tropical storm, fourteenth hurricane, and eighth major hurricane of the record breaking 1992 season, Tina formed from a tropical wave on September 17.","None"
"In 2002 five police officers went on trial charged with Alder's manslaughter and misconduct in public office, but were acquitted on the orders of the judge.","Investigation"
"Jalal khan Uzbek's head was cut off and the Uzbeks pulled back to their territory.","Injury"
"The storm also affected the search for missing Malaysia Airlines Flight 370.","Disaster"
"The tour was a continuation of the previous Junkie Tour.","None"
"The same year, a major assault was planned by the Spanish, but the Gibraltar garrison sortied in November and destroyed much of the forward batteries.","Attack"
"The same target was hit several times by F-117, and the last package consisted of seventeen F-111F on the 19th day of the war.","Attack"
"One person died from electrocution in the city.","Injury"
"More protests were held in other cities, including Mukalla, where one person was killed.","Injury"
"In addition to the destruction on Réunion, 5% of crops on Mauritius were impacted by the storm.","Disaster"
"In September 2013, Ortega-Hernandez pleaded guilty to one count of property destruction and one count of discharging a firearm during a crime of violence, thereby avoiding the charge of attempting to assassinate the President.","Disaster"
"However, with the entrance of the United States into the war in December 1941, Greenland became a combatant.","None"
"The Battle of Kosovo took place on 15 June 1389 between an army led by the Serbian Prince Lazar Hrebeljanović and an invading army of the Ottoman Empire under the command of Sultan Murad Hüdavendigâr.","Attack"
"However, the report noted that the commission had ""yet to be afforded access to the country,"" which ""substantially hampered the investigation, and its findings should be viewed in that light.""","Investigation"
"Han Chinese culture took root into the newly conquered territories and the Baiyue and Dian tribes were eventually assimilated or displaced by the Han Empire.","None"
"It began to weaken over the Canadian Maritimes.","None"
"Former Commander-in-Chief of the Petrograd military okrug, Colonel Georgi Polkovnikov, pronounced himself as commander of the so-called ""Salvation Army"" (войска спасения) and ordered his garrison not to execute orders issued by the Petrograd Military Revolutionary Committee (PMRC), arrest its commissars, and send representatives from all military units to Nikolayevskoye School of Engineers (a.k.a.","None"
"However, it met organized resistance and an armed confrontation took place until a compromise was reached at the end of the day.","None"
"Hurricane Sandy (unofficially referred to as Superstorm Sandy) was the deadliest and most destructive, as well as the strongest, hurricane of the 2012 Atlantic hurricane season.","Disaster"
"Baum was given the task of penetrating 50 miles (80 km) behind German lines and liberating the POWs in camp OFLAG XIII-B, near Hammelburg.","Attack"
"In addition, one person drowned due to heavy rainfall.","Injury"
"Vice President Lyndon B. Johnson automatically assumed the Presidency upon Kennedy's death.","Injury"
"Never again would he foolishly 'stand his ground,' nor would he try to redeem an attack that had hopelessly bogged down.","Attack"
"The war ended with a peace treaty which restored the Bulgarian market in Constantinople and confirmed Bulgarian domination in the Balkans.","Investigation"
"The port there sustained heavy damage, restricting exports in the months following the storm.","Disaster"
"The first, unsuccessful attack, took place in September 1814 and led to the British changing their strategy and attacking New Orleans.","Attack"
"The theory that ""certain Jews"" carried out the attacks ""in order to focus the attention of the Israel Government on the plight of the Jews"" was viewed as ""more plausible than most"" by the British Foreign Office.","Attack"
"Palestinian President Mahmoud Abbas blamed the murder on the Israeli government and demanded Israeli PM Benjamin Netanyahu condemn it ""as we condemned the kidnapping of the three Israelis"".","Injury"
"Hurricane Gustav was a Category 2 hurricane that paralleled the East Coast of the United States in September 2002 during the 2002 Atlantic hurricane season.","Disaster"
"His mandate was marked by corruption scandals and street protests.","Protest"
"There were several subsequent attempts to recapture the airfield by the Imperial Japanese Army and Navy using reinforcements delivered to Guadalcanal by ship, efforts which ultimately failed.","None"
"The JMA did not issue their final advisory until several hours later.","None"
"After landing, the 4th and 6th Parachute Battalions marched on Athens.","None"
"It resulted in the deaths of over 200 people, and is the worst rail disaster in British history.","Injury"
"Specifically, an autopsy indicated that Garner's death resulted from ""[compression] of neck (choke hold), compression of chest and prone positioning during physical restraint by police"".","Injury"
"Fourteen people drowned and 975 persons were injured.","Injury"
"The event generated a great deal of criticism of the United States.","None"
"Estimates of the death toll vary.","Injury"
"The fourth tropical cyclone of the 1950 Pacific hurricane season, Hiki formed as a tropical depression to the southeast of Hawaii on August 12.","Disaster"
"After authorities reviewed the dashcam footage, Encinia was placed on administrative leave for failing to follow proper traffic stop procedures.","Investigation"
"By 642 AD, under Caliph Umar, Arab Muslim forces had laid control of Mesopotamia (638), Syria (641), Egypt (642), and had invaded Armenia, all previously territories split between the warring Byzantine and Persian Empires, and were concluding their conquest of the Persian Empire with their defeat of the Persian army at the Battle of Nahāvand.","Attack"
"The 2011–2013 Chilean protests – known as the Chilean Winter (in particular reference to the massive protests of August 2011) or the Chilean Education Conflict (as labelled in Chilean media) – were a series of student-led protests across Chile, demanding a new framework for education in the country, including more direct state participation in secondary education and an end to the existence of profit in higher education.","Protest"
"The death of Henry (6 July 1189), however, meant the English contingent came under the command of his successor, King Richard I of England.","Injury"
"After hearing testimony from eyewitnesses, including other members of Shaw's group, the inquest concluded with a narrative verdict in October 2010.","Investigation"
"""Cardiff"", on the lookout for aircraft flying supplies to the Argentine forces occupying the Falkland Islands, had misidentified the helicopter as an enemy C-130 Hercules.","Investigation"
"The German invasion of Denmark (""Operation Weserübung"") was the German attack on Denmark on 9 April, 1940, during the Second World War.","Attack"
"The country Soviet Union as well as all its government and public organizations such as the Football Federation of USSR were abandoned.","None"
"While the 58 victims were on their way to file a certificate of candidacy for Esmael Mangudadatu, vice mayor of Buluan town, they were kidnapped and killed.","Injury"
"The sinking turned public opinion in many countries against Germany, contributed to the American entry into World War I and became an iconic symbol in military recruiting campaigns of why the war was being fought.","Attack"
"The murder investigation was reviewed by the New South Wales Crime Commission in 1996, and by the Police Integrity Commission in 1998, with the latter recommending the dismissal of the detective in charge of the investigation.","Investigation"
"Deaths were also reported in the cities of Niterói (132), São Gonçalo (16), Paracambi (1), Engenheiro Paulo de Frontin (1), Magé (1), Nilópolis (1) and Petrópolis (1).","Injury"
"In 1944, the U.S. Supreme Court upheld the constitutionality of the removal by ruling against Fred Korematsu's appeal for violating an exclusion order.","Protest"
"After a lengthy siege, and several successful sallies by the defenders, the castle eventually fell and was destroyed.","Disaster"
"It moved across the Yucatán Peninsula as a tropical depression before rapidly intensifying into a hurricane in the Gulf of Mexico.","Disaster"
"Of the 51 people on board, 27 were killed, including the captain and a member of the cabin crew.","Injury"
"The English then marched north, hoping to link up with an allied Flemish army which had invaded from Flanders.","Attack"
"The most important groups around the central lakes were the Itza, the Yalain and the Kowoj.","None"
"A tour poster from the band's March 30 date confirmed that there would be a special guest band opening on the tour.","Investigation"
"Sources attest that the independent ruler perished in the battle without leaving asuccessor, and with little political will or leadership left to counter the Ottoman invasion.","Injury"
"Texas authorities and the conducted an investigation into Bland's death and determined the Waller County jail did not follow required policies, including time checks on inmates and ensuring that employees had completed required mental health training.","Investigation"
"The funeral of Pope John Paul II was held on 8 April 2005, six days after his death on 2 April.","Injury"
"The magnitude of the earthquake was recorded at M 7.2, with epicenter of Sagbayan, and its depth of focus was .","None"
"The storm later made two landfalls with weaker intensities on Alabama and Mississippi on September 20 and 21, respectively.","Disaster"
"Kehoe had used a timed detonator to detonate hundreds of pounds of dynamite and incendiary pyrotol, which he had secretly planted inside the school over the course of many months.","Attack"
"Hurricane Ginny was the strongest recorded tropical cyclone to make landfall in Canada, as well as the latest hurricane on a calendar year to affect the U.S. state of Maine.","Disaster"
"Tamerlan Tsarnaev, the deceased suspect in the 2013 Boston Marathon bombings, had previously described murder victim Brendan Mess as his best friend, though before Mess was murdered there had been animosity between Tsarnaev and Mess over Mess's ""lifestyle"".","Injury"
"Alma's heavy rainfall was responsible for a plane crash on Isla Margarita off the Venezuelan coast, killing the 49 people on board.","Injury"
"The hurricane continued to intensify, and after reaching Category 2 hurricane strength, attained its peak intensity on August 7 with winds of 105 mph (165 km/h) and a minimum barometric pressure of 971 mbar (hPa; 28.70 inHg).","Disaster"
"Overall, Joy killed six people and caused 300 million in damage ($234 million USD).","Disaster"
"Rough surf on the island damaged a few boats and hotels.","Disaster"
"British losses by contrast were light, although Cooke had been struck by grape shot during the height of the action and suffered a lingering death three months later from his wounds.","Attack"
"It was Germanwings' first fatal crash in the 18-year history of the company.","Disaster"
"Eight teams took part, each playing each other once.","None"
"It killed a two-year-old girl, sitting on her mother's lap, the mother was one of three critically injured, more than 38 other people were injured.","Injury"
"It was the bloodiest day in United States history, with a combined tally of 22,717 dead, wounded, or missing.","Injury"
""", and the name was later popularized in Tom Wolfe's 1968 book, ""The Electric Kool-Aid Acid Test"".","None"
"It was the second of Palmer's four Masters victories and the second of his seven major titles.","None"
"The estimated number of participants ranges widely, from 600,000 people quoted by some media, statisticians such as Llorenç Badiella from the Autonomous University of Barcelona or the delegation of the Spanish government in Catalonia to 1.5 million according to Catalan public sources such as Barcelona's Municipal Police or Catalonia's Department of the Interior, with a maximum estimate of about 2 million according to the organizers.","None"
"Heavy crop damage occurred on the island, and damage nationwide was estimated at $60 million (1989 USD).","Disaster"
"Sayhood sliced into the American formation, causing a classic merge.","Injury"
"According to Lebanon's National News Agency, a total of eight died and 110 were injured in the explosion, making it the deadliest bombing in Beirut since 2008.","Injury"
"The tour was announced by Alizée on 14 May 2014 and the dates were confirmed on 15 May 2014.","Investigation"
"On the Morava River, sultan Mehmed II left Feriz Bey and 32,000 of his troops to resist any possible counterattacks by the Serbs south of Kruševac.","Attack"
"The fire caused the deaths of 146 garment workers – 123 women and girls and 23 men – who died from the fire, smoke inhalation, or falling or jumping to their deaths.","Injury"
"The Chelford rail accident occurred on 22 December 1894 at Chelford railway station.","Disaster"
"In Hong Kong, strong winds killed a man after knocking him off a platform.","Injury"
"The incident sparked outrage in India and harsh reactions by the Indian army and government over the news that the body of one of the soldiers had been beheaded.","Injury"
"At a preliminary hearing on June 19, Judge Robert Taylor set a date for December 8, at which Hendrix would stand trial for two counts of illegal possession of narcotics, for which he faced as many as 20 years in prison.","Investigation"
"Günther Oettinger confirmed at conference that event will be organised annually with Vienna as a host city in 2015 and Paris in 2016.","Investigation"
"On 18 September 2012, Police Constables Nicola Hughes and Fiona Bone, two Greater Manchester Police officers, were killed by Dale Cregan in a gun and grenade ambush while responding to a report of a burglary in Greater Manchester, England.","Injury"
"Late on August 12, Felix peaked as a low-end Category 4 hurricane.","Disaster"
"They also fired on civilians, held many of their officers and their families hostage, vandalised property and looted valuables.","Disaster"
"On May 31, 2009, George Tiller, a physician from Wichita, Kansas who was nationally known for being one of the few doctors in the United States to perform late-term abortions, was murdered by Scott Roeder, an anti-abortion extremist.","Injury"
"""Redwing"" demonstrated the first United States airdrop of a deliverable hydrogen bomb during test ""Cherokee"".","Protest"
"Continental Airlines Flight 12, is a scheduled domestic passenger flight that on July 1, 1965 was operated by a Boeing 707 jet liner, registration from Los Angeles International Airport to Chicago O'Hare International Airport with an intermediate at Kansas City Downtown Airport.","None"
"Football Federation of Iran was awarded as the Best Football Federation in Asia.","None"
"Queensland sweltered through a heatwave, with record October temperatures being set in many towns through the state.","Disaster"
"It was reported that 35 ISIL militants had been killed in the first wave after footage from the fighter jets and unmanned aircraft were analysed, while the airstrikes in Northern Iraq were confirmed to have killed a high-ranking PKK militant and were alleged to have killed the PKK commander Murat Karayılan.","Attack"
"This was the worst cold wave that the North American region had experienced since an earlier cold wave in early 2014.","None"
"Alan Sunderland scored a consolation for Arsenal late on.","None"
"The hurricane quickly traversed the Florida peninsula before emerging into the Gulf of Mexico near Fort Myers.","Disaster"
"Michael and Lori Fortier were later identified as accomplices.","Investigation"
"The movement had many different scopes, since local groups often had different focuses, but its prime concerns included how large corporations (and the global financial system) control the world in a way that disproportionately benefited a minority, undermined democracy and caused instability.","Injury"
"Hurricane Tico is one of four major hurricanes to strike Mazatlan.","Disaster"
"The control cables to the number two engine in the tail were severed, causing that engine to shut down.","Disaster"
"Following routine water sampling and testing, over a series of weeks low level contaminants were found at Prospect, , Sydney Hospital, the NSW Art Gallery, Macquarie Street, Centennial Park, , , , and water treatment facilities at Warragamba, Nepean, , , Woronora, Macarthur, the Illawarra and Prospect.","None"
"970 until 1018, a series of conflicts between the Bulgarian Empire and the Byzantine Empire led to the gradual conquest of Bulgaria by the Byzantines, who thus re-established their control over the entire Balkan peninsula for the first time since the 7th-century Slavic invasions.","Attack"
"It was fought between the armies of Confederate Ireland and the English Parliament during the Wars of the Three Kingdoms.","Attack"
"The First Taiwan Strait Crisis (also the Formosa Crisis, the 1954–1955 Taiwan Strait Crisis, the Offshore Islands Crisis, and the 1955 Taiwan Strait Crisis) was a brief armed conflict between the Communist People's Republic of China (PRC) and the Nationalist Republic of China (ROC) in Taiwan.","Attack"
"They were experiencing symptoms such as stinging in their eyes and throats; and nausea.","Injury"
"The Russians followed closely, inflicting much damage - in particular, the Ottoman Vice Admiral's ship was attacked by ""Ioann Bogoslov"", and the Admiral's and Rear-Admiral's ships by ""Rozhdestvo Christovo"" and ""Preobrazhenie Gospodne"".","Attack"
"An assault by 7,500 Landsknechts in the Codalunga sector of the walls (the one that was most bombarded during the siege) was repulsed by mercenary commander Citolo da Perugia, whose mines killed 300 attackers and injured 400 others.","Attack"
"Most of the victims were exhumed in 1998, after the area reverted to Croatian control following the signing of the Erdut Agreement in 1995.","None"
"New orders from the Admiralty demanded that he subdue and blockade the Spanish port of Cádiz, where much of the battered Spanish squadron had sought shelter.","Attack"
"Rough surf offshore drowned one person in each of these states.","Injury"
"The British Army called this the 'terrorist phase' of the IRA's campaign.","None"
"The battalion finished its training in December 1940, and in February 1941 thirty-eight members of the battalion, known as X Troop, were selected to conduct an airborne operation, which was intended to test the capability of the airborne troops and their equipment, as well as the ability of the Royal Air Force to accurately deliver them.","None"
"In their haste to escape many boats were overloaded and sank and most Venetians drowned.","Injury"
"It developed on 8 March, 2014, in the Gulf of Carpentaria offshore northern Australia.","None"
"Another one of his cousins, a 19-year-old Mohammed Abu Khdeir, was detained by the Israeli police during a 28 July 2014 protest.","Protest"
"Storm surge and rough surf along the coast of Texas destroyed a section of Texas State Highway 87, which was never repaired.","Disaster"
"The fighting followed the SAO Krajina's takeover of the Plitvice Lakes National Park and resulted in Croatia recapturing the area.","Attack"
"Protests in Donetsk and Luhansk regions (oblasts) escalated into an armed pro-Russian separatist insurgency.","Protest"
"Maybe I have your attention now even if that means someone must die.","Injury"
"A wave of demonstrations and civil unrest in Turkey began on 28 May 2013, initially to contest the urban development plan for Istanbul's Taksim Gezi Park.","Protest"
"The ten-year war was not a continuous effort but a series of seasonal campaigns launched in spring and broken off in winter.","Disaster"
"The seventeenth tropical cyclone, sixteenth tropical storm, fifth hurricane, and third major hurricane, Ophelia originated in a tropical wave in the central Atlantic, forming approximately midway between the Cape Verde Islands and the Lesser Antilles on September 17.","Disaster"
"The bloodshed of this war is said to have prompted Ashoka to adopt Buddhism.","Attack"
"Fighting several small battles, by the end of the month they reached their objective at the River Seine.","Attack"
"After uneventfully crossing the Atlantic Ocean, the system developed a well-defined circulation while in the Caribbean Sea on September 20 and was then classified as a tropical depression.","Investigation"
"At various stages of the investigation, possible hijacking scenarios were considered, including crew involvement, and suspicion of the airplane's cargo manifest; many unofficial theories have also been proposed by the media.","Investigation"
"Page committed suicide by shooting himself in the head after he was shot in the hip by a responding police officer.","Injury"
"Gradually decreasing surface pressures in the region signaled intensification and the low was classified as ""Tropical Cyclone Rusty"" on 23 February.","Investigation"
"The rebel troops were defeated after bloody combat.","Attack"
"David left a widow and two young children.","None"
"The UVF claimed the attack was retaliation for the killing of three UVF members by the Irish National Liberation Army (INLA).","Injury"
"Vice President of Malawi Saulos Chilima stated that over 200,000 Malawian people have been displaced by the flood.","Disaster"
"Lauria had taken his fleet to Augusta, eastern Sicily, after a report of an Angevin galley fleet landing invasion troops there.","None"
"On 7 February, extreme bushfire conditions precipitated major bushfires throughout Victoria, involving several large fire complexes, which continued to burn across the state for around one month.","None"
"Soon after the war, the ruling aristocrats instituted a series of reforms and even lowered some taxes, thus fulfilling some of the peasants' original fiscal demands.","None"
"The accident took less than two minutes from the beginning of takeoff until the final crash.","Disaster"
"Underhill kept Sayhood locked-on and climbed, while Rodriguez committed to the merge in order to visually identify the opposing aircraft as hostile.","Investigation"
"The storm wrought $19 million (1993 USD) in damage across Martinique, and left two people dead and hundreds homeless on the island.","Injury"
"One of the investigating officers stated in 2016 that they had investigated the Islamists including Safdar but didn't find them involved.","Investigation"
"Typhoon Conson, known in the Philippines as Typhoon Basyang, was the second tropical cyclone during the 2010 Pacific typhoon season to impact the Philippines.","Disaster"
"Mahatma Gandhi camped in Noakhali for four months and toured the district in a mission to restore peace and communal harmony.","Attack"
"In March 28, 2016 the USGS released the USGS National Seismic Hazard Map which concluded that the primary cause of the earthquake in Oklahoma in 2011 was pressure on fault lines from cumulative effects of injecting oil drilling wastewater under high pressure into the underground.","Disaster"
"In the battle that followed, the Abbasid troops initially defeated the Tulunids and plundered Khumarawayh's camp, but were then ambushed by a Tulunid reserve force and routed in turn.","Attack"
"Witnesses saw the suicide bomber arrive on foot and proceed to detonate his explosives, near the demonstration of the Jamaat-e-Islami, a group that is reportedly sympathetic to the Taliban.","Protest"
"It was the first plane hijacking to take place in Norway; there were no deaths and no injuries.","Injury"
"It also stated there was no explosion mid-air and all damage was a result of the crash.","Disaster"
"The cities that reported human casualties are located in a mountainous area, in the neighborhood of the Serra dos Órgãos national park.","Disaster"
"It led to the division of the region of Cieszyn Silesia in July 1920, and left a substantial Polish minority in Czechoslovakia in the region later called Zaolzie.","None"
"The Glassheart Tour was the second headlining concert tour by British recording artist Leona Lewis.","None"
"As police stormed Norris Hall, Cho committed suicide by shooting himself in the head.","Disaster"
"At the Canadian National War Memorial, Corporal Nathan Cirillo, a Canadian soldier on ceremonial sentry duty was fatally shot by Michael Zehaf-Bibeau.","None"
"The turmoil came to a boil during a summer heat wave with the death of Eugene Williams, an African-American youth who had accidentally drifted into a swimming area at an informally segregated beach near 29th Street.","Injury"
"After the atrocities committed in Bohemia, Saxony finally gave its support to the Protestant Union and decided to fight back.","Attack"
"The German police concluded that Duggan had committed suicide after running several kilometres from the apartment in which he had been staying, then jumping in front of early-morning traffic.","Injury"
"Throughout the tour, the band's success was confirmed as their performances consistently amazed and gratified their audiences.","Investigation"
"On October 27, the band announced that John McVie had been diagnosed with cancer, and that they were cancelling their New Zealand and Australian performances in order for him to undergo treatment.","Investigation"
"In the following investigation, it was found that a similar set of conditions, which had caused the failure of an aircraft floor following explosive decompression of the cargo hold, had occurred in ground testing in 1970, before the DC-10 series entered commercial service.","Investigation"
"The storm then made a third landfall in the Florida Keys during the evening of October 18.","Disaster"
"The competition was first held in 2001, but the city has featured marathon races prior to the current incarnation: the Maryland Marathon was held from 1973 to 1980 and this evolved into the Baltimore City Marathon, which was held from 1981 to 1989.","None"
"It was organized by Veterans for Peace and the ANSWER Coalition.","None"
"The U.S. Chemical Safety Board released its report on the incident in September 2009, saying that the explosion had been ""entirely preventable"".","Disaster"
"The First Congo War (1996–1997), also nicknamed Africa's First World War, was a civil war and international military conflict which mostly took place in Zaire (present-day DR Congo), with major spillovers into Sudan and Uganda.","Attack"
"The 2008 Mumbai attacks (also referred to as 26/11) were a series of terrorist attacks that took place in November 2008, when 10 members of Lashkar-e-Taiba, an Islamic terrorist organisation based in Pakistan, carried out 12 coordinated shooting and bombing attacks lasting four days across Mumbai.","Attack"
"The race supports multiple local charities and non-profit organizations by giving 100% of race revenue to local charities.","None"
"The Palestinian Authority brought in for questioning two Palestinian Islamic Jihad leaders, related to Israeli claims that the organization's Al-Quds Brigades were responsible for the attack.","Investigation"
"Impacting western Mexico, especially Colima and Michoacán, Hurricane Winifred brought heavy rain and destruction to the area.","Disaster"
"A month earlier a car bomb injured more than 50 people in the same district.","None"
"The outer rainbands of Juan spawned 15 tornadoes along the Florida Panhandle, causing over $1 million in damage.","Disaster"
"Flight 301 is still the second-deadliest Fokker 100 crash.","None"
"On March 8, 1969, Nasser proclaimed the official launch of the War of Attrition, characterized by large-scale shelling along the Suez Canal, extensive aerial warfare and commando raids.","Attack"
"With an magnitude of 6.9 and a maximum Modified Mercalli intensity of IX (""Violent""), the shock was responsible for 63 deaths and 3,757 injuries.","Disaster"
"Forming south of Diego Garcia, it intensified into a moderate tropical storm on 3 March.","Disaster"
"By the late spring of 1894, the United Mine Workers, which had a mere $2,600 in its treasury and a paid membership of 13,000, called a general strike in the bituminous coal mining industry.","None"
"When paralleling just off the coast of North Carolina, Gladys was responsible for breaking the state's worst drought since 1932, and proved more beneficial than the minor storm damage there.","Disaster"
"But despite major gains, the rebels failed to topple the government during the eight days of fighting and small scale clashes continued until 22 May, when the government launched a major offensive to retake the city, as Islamist forces had mostly withdrawn into the Central Region and the government was now backed by powerful warlord Indho Ade.","Attack"
"Thirteen people were killed by the blast, or died later from their injuries.","Injury"
"The most substantial impact was felt in Carnarvon where entire homes were washed away.","None"
"The Iranian government confirmed the deaths of 36 people during the protests, while unconfirmed reports by Mousavi supporters allege at least 72 deaths (over twice as many) in the three months following the election.","Injury"
"The government confirmed that the accident was caused by terrorists, making this attack Russia's deadliest outside the North Caucasus region since the 2004 Russian aircraft bombings.","Investigation"
"The poem may, therefore, represent the work of what has been termed the ""monastic party"" in Ethelred's court, which advocated a military response, rather than tribute, to all Norse attacks.","Attack"
"As she sank, her own depth charges detonated.","Attack"
"Whole indigenous societies were attacked and pushed off their lands by the gold-seekers, called ""forty-niners"" (referring to 1849, the peak year for Gold Rush immigration).","Attack"
"The Speaker of the National Assembly, Baleka Mbete and Chairperson of the National Council of Provinces, Thandi Modise, both of the ANC, were elected on 21 May 2014 by members of parliament.","None"
"A few more losses did not affect either fleet, when a sudden wind made it impossible for the Swedish navy to continue its pursuit of the Danish fleet, which was anchored to the Gotland coast to bury the Danish vice-admiral Christopher Morgisen on hallowed ground after his death from a cannonball.","Injury"
"The match was originally Jarrett versus Kevin Nash with Ortiz as referee, however Nash was not cleared to wrestle due to a medical emergency.","Protest"
"The Nag Hammadi massacre gained widespread international attention, and was condemned by Pope Benedict XVI, Lebanese MP Nadim Gemayel, Italian foreign minister Franco Frattini, and Canadian foreign minister Lawrence Cannon.","Injury"
"Dorner killed four people and wounded three others.","Injury"
"It included 61 confirmed dates (one being an offset show in Malaysia) and spanned across the United States to Europe.","Investigation"
"Early in the day on October 19, an estimated 100 activists demonstrated outside the Washington headquarters of the U.S. Immigration and Customs Enforcement, an agency of the Department of Homeland Security.","Protest"
"The waves combined with heavy rain to inflict at least MXN$5 million (US$326,000) of damage on Michoacán's coastal installations.","None"
"In May 2012, a judge determined that Lane was competent to stand trial.","None"
"About 10,000 people were killed in the course of the Kurdish rebellion, with 1,200 of them being Kurdish political prisoners, executed in the last phases of the rebellion, mostly by the Iranian government.","Injury"
"Eugene reached hurricane status on July 24; it briefly peaked as a Category 2 hurricane the next day.","Disaster"
"As NDH forces lacked the strength to suppress the uprising, the Italian Army, which was not a target of the rebels, expanded its zone of influence to Lika and parts of Bosanska Krajina.","None"
"The Mark IV continued to fire on the two remaining German A7Vs, which withdrew.","None"
"On 18 March 2015, two unidentified gunmen entered a pub in Gothenburg, Sweden and began firing indiscriminately at people inside the restaurant.","Investigation"
"MAKS (, ) is an international air show held at Zhukovsky International Airport, the home of the Gromov Flight Research Institute in Zhukovsky, southeast of Moscow, Russia.","None"
"Zelda caused significant damage to the Marshall Islands.","None"
"On December 23, 1978, it crashed into the Tyrrhenian Sea about north of Palermo while on approach.","Disaster"
"The highest official total was at Choluteca in southern Honduras, which was more than half of the annual precipitation average there.","None"
"After a 10 year run, Apple confirmed to Music Business Worldwide that it will no longer host any music festivals.","Investigation"
"Overall, damage from Dot across Hawaii totaled US$6 million, and a disaster area declaration and state of emergency took effect for the archipelago after the hurricane's passage.","Disaster"
"On 5 November 2013, Dhaka Metropolitan Sessions Court sentenced 152 people to death and 161 to life imprisonment; another 256 people received sentences between three and ten years for their involvement in the mutiny.","Injury"
"Then its driver detonated the bomb after crashing it into the UN reception area.","Attack"
"The accident started during a safety test on an RBMK-type nuclear reactor, which was commonly used throughout the Soviet Union.","Disaster"
"The offensive began when the British VIII Corps, with three armoured divisions, attacked to seize the German-held Bourguébus Ridge, the area between Bretteville-sur-Laize and Vimont and to inflict maximum casualties on the Germans.","Attack"
"On 20 October, with Murad II personally observing the struggle, the Janissaries attacked and killed everyone left in the stockade.","Attack"
"As the ECAA lacked the resources of the much larger U.S. National Transportation Safety Board (NTSB), the Egyptian government asked the NTSB to handle the investigation.","Investigation"
"The action was fought as part of the blockade of Guadeloupe and neighbouring Martinique by a large British Royal Navy squadron, which was seeking to cut the islands off from contact and supplies from France by preventing the passage of shipping from Europe to the islands.","Attack"
"Runners-up Jim Furyk, Colin Montgomerie, and Phil Mickelson all failed to par the 72nd hole.","None"
"From the last series, Jason Gillespie, Matthew Hayden and Darren Lehmann had been dropped by Australia, while Damien Martyn was out with injury and Glenn McGrath was rested.","Injury"
"This Polish victory caused serious disruption for the Swedish hold on Central Poland.","Disaster"
"Gray died on April 19, 2015; his death was ascribed to injuries to his spinal cord.","Injury"
"On 5 August 2010, ten members of International Assistance Mission (IAM) Nuristan Eye Camp team were killed in Kuran wa Munjan District of Badakhshan Province in Afghanistan.","Injury"
"Cora was an unusual cyclone, maintaining an unusually low latitude for the Atlantic in August at high speeds, similar to the tracks of Tropical Storm Alma in 1974 and Tropical Storm Fran in 1990.","Disaster"
"The U.S. government eventually disbursed more than $1.6 billion () in reparations to 82,219 Japanese Americans who had been interned and their heirs.","None"
"A horde of Siberian Tatars, Voguls and Ostyaks massed at Mount Chyuvash to defend against invading Cossacks.","Attack"
"Czechoslovakia dissolved three years after the end of Communist rule, splitting peacefully into the Czech Republic and Slovakia in 1992.","None"
"The Sierre coach crash occurred on 13 March 2012 near Sierre, Switzerland, when a coach carrying school teachers and pupils crashed into a wall in the Sierre Tunnel.","Disaster"
"The protest was first called for by the Spanish ""Plataforma ¡Democracia Real YA!""","None"
"The next day, Ramle surrendered immediately, but the conquest of Lydda took longer and led to an unknown number of deaths; the Palestinian historian Aref al-Aref, the only scholar who tried to draw up a balance sheet for the Palestinian losses, estimated 426 Palestinians died in Lydda on 12 July, of which 176 in the mosque and 800 overall in the fighting.","Injury"
"The forty-three men and six women killed had their heads, feet, and hands cut off, making their identification difficult.","Injury"
"In the United States Virgin Islands, brief blackouts and damage reaching $200,000 (2000 USD) was reported.","Disaster"
"Early in its duration, Lili caused flooding in Central America that left thousands homeless and killed 14 people.","Injury"
"Their commercial and critical acclaim had been demonstrated during the Couldn't Stand the Weather Tour in 1984, when they had played before a sold-out audience at Carnegie Hall.","Protest"
"That number could not be confirmed; police did not give their own estimate.","Investigation"
"A Vickers Viscount flying the route crashed in Chase, Maryland, on May 12, 1959, with the loss of all on board.","Disaster"
"Following regulatory and administrative investigations, criminal trials and a subsequent appeal, on 15 December 2014 Craig Thomson, a former national secretary of the HSU and a former Labor politician, was found guilty in the Victorian County Court of thirteen charges of theft, and later convicted and fined 25,000.","Investigation"
"The demand to unify with Armenia began in a relatively peaceful manner in 1988; in the following months, as the Soviet Union disintegrated, it gradually grew into an increasingly violent conflict between Armenians and Azerbaijanis, resulting in claims of ethnic cleansing by both sides.","Attack"
"In response France authorized privateers to conduct attacks on American shipping, seizing numerous merchant ships, and ultimately leading the U.S. to retaliate.","Attack"
"The move provided the Croatian forces with a sizable stock of weaponsincluding 250 tanks, hundreds of artillery pieces and a large supply of small arms and ammunitionwhich proved crucial in defending against JNA advances in the early stage of the Croatian War of Independence.","None"
"Other Sardinian troops were captured in Sanluri, and much of the local Sardinian population was slaughtered in a plain which has taken the name of "" s'occidroxiu"" (""the slaughter"") ever since.","Injury"
"Milošević was indicted by the ICTY and charged with carrying out a genocidal campaign that included Bijeljina and other locations, but died during the trial.","Injury"
"The fourth single, ""Cercavo amore"", was certified Platinum disc.","Investigation"
"The storm was the first hurricane in the Gulf of Mexico to form in the month of July since 1959, and was the fifth tropical cyclone to form during the annual hurricane season.","Disaster"
"The Action of 6 April 1809 was a small naval battle fought between the French frigate and several British frigates, principally , as part of the blockade of Brest, France during the Napoleonic Wars.","Attack"
"As a result, the Japanese Navy had to relocate the Combined Fleet's forward base to the Palau Islands, and eventually to Indonesia, and the Fleet had begun clearing its major warships out of Truk before the ""Hailstone"" attack struck.","Attack"
"The IDF launched a ground invasion of Southern Lebanon.","Attack"
"The First Eritrean Civil War was fought from 1972 to 1974.","Attack"
"Damage from Cyclone Gretelle was heaviest near where it made landfall in Madagascar.","Disaster"
"The Široka Kula massacre was the killing of 41 civilians in the village of Široka Kula near Gospić, Croatia during the Croatian War of Independence.","Injury"
"However, the Peace of Augsburg arrangement is also credited to ending much Christian unity around Europe.","None"
"One person drowned in the surf near Malibu.","Injury"
"The storm traveled along a curving path south of Japan, absorbing the remnants of Tropical Storm Sonamu on August 15 before turning towards the west.","Disaster"
"A 73-year-old ethnic Indian Singaporean man, Aravindan Balakrishnan, and a 67-year-old Tanzanian woman, his wife, Chanda Pattni, had been investigated for slavery and domestic servitude.","Investigation"
"The attack killed 202 people (including 88 Australians, 38 Indonesians, 23 Britons, and people of more than 20 other nationalities).","Attack"
"Without any timeouts, Brady led his team down the field to set up kicker Adam Vinatieri's game-winning 48-yard field goal as time expired.","Injury"
"The accident killed 50 passengers and crew on board, with 23 passengers and crew surviving.","Injury"
"During the winter, Partisans inflicted heavy casualties on the Germans.","Injury"
"On 6 September, TWA Flight 741 from Frankfurt (a Boeing 707) and Swissair Flight 100 from Zürich (a Douglas DC-8) were forced to land at Dawson's Field.","None"
"For the tour's finale, Tohoshinki performed in the Tokyo Dome, making them the third Korean music act, and the first Korean pop group, to do so.","None"
"Gray's hospitalization and subsequent death resulted in an ongoing series of protests.","Injury"
"The heaviest destruction took place around the towns of Jacmel and Jérémie; one early report estimated that 1,500 had been killed at the latter.","Disaster"
"The Ma'alot massacre was a Palestinian terrorist attack that occurred in May 1974 and involved a two-day hostage-taking of 115 Israeli people which ended in the murders of over 25 hostages.","Injury"
"On the morning of Thursday, 12 December 1985, shortly after takeoff from Gander en route to Fort Campbell, the aircraft stalled, crashed, and burned about half a mile from the runway, killing all 248 passengers and 8 crew members on board.","Disaster"
"The ferry MV ""Princess Victoria"" was lost at sea in the North Channel east of Belfast with 133 fatalities, and many fishing trawlers sank.","Injury"
"The search and rescue response, crash recovery operation, and investigation by the Government of Canada took more than four years and cost $57 million CAD.","Investigation"
"The fight in the Sinai forms part of the classified Irregular Warfare Annex to the National Defense Strategy, which calls on the Department of Defense to use foreign internal defense principles, advise and assist tactics, and influence operations.","Attack"
"Casualties and damage were severe on both sides, and the defiance of the French ship was celebrated in both countries as a brave defence against overwhelming odds.","Disaster"
"Birendra's brother, Gyanendra, became king again after the massacre and the death of his nephew King Dipendra.","Injury"
"Locally referred to as the Essence Fest, it has been held in New Orleans, Louisiana since 1994 except for 2006, when it was held in Houston, Texas due to Hurricane Katrina's effect on New Orleans.","Disaster"
"Its victory humiliated Egypt, Jordan, and Syria, leading Nasser to resign in shame; he was later reinstated after protests in Egypt against his resignation.","Injury"
"On January 22, the storm intensified to tropical cyclone status while passing northwest of Réunion; there, Gretelle produced strong wind gusts and heavy rainfall in mountainous regions.","Disaster"
"Although it caused temporary alarm in the North, the raid was ultimately classed as a failure.","Attack"
"Several victims were ethnic Serbs suspected by the police of collaboration with Croatian authorities.","Disaster"
"He fired a total of 17 shots, killing two people and seriously wounding a third.","Injury"
"Delivering its judgement in 1995, the court found that the operation had been in violation of Article 2 of the European Convention on Human Rights as the authorities' failure to arrest the suspects at the border, combined with the information given to the soldiers, rendered the use of lethal force almost inevitable.","Injury"
"The storm brushed Bermuda with light rain, and wind gusts reached no more than 35 mph (55 km/h) as it made its closest point of approach to the territory.","Disaster"
"Several comprehensive studies on the total structural failure of this building were conducted with a focus on how the building responded to the earthquake's vibration.","Disaster"
"European Cyclists’ Federation owns the series name, and the ECF Board is the decision-making body for Velo-city.","None"
"In 2015, the Independent Police Complaints Commission reported that there was ""evidence of excessive violence by police officers, a false narrative from police exaggerating violence by miners, perjury by officers giving evidence to prosecute the arrested men, and an apparent cover-up of that perjury by senior officers"".","Investigation"
"This led to 19 injuries, including 4 stabbings, and 60 arrests with similar events occurring in England and Turkey in the aftermath of the riots.","Injury"
"Meanwhile some blacks organized to resist and protect, and some whites sought to lend aid to blacks, while the police department often turned a blind eye or worse.","None"
"The Beer Hall Putsch, also known as the Munich Putsch, and, in German, as the Hitlerputsch, Hitler-Ludendorff-Putsch, Bürgerbräu-Putsch or Marsch auf die Feldherrnhalle (""March on the Field Marshals's Hall""), was a failed coup d'état by the Nazi Party (NSDAP) leader Adolf Hitler—along with ""Generalquartiermeister"" Erich Ludendorff and other ""Kampfbund"" leaders—to seize power in Munich, Bavaria, which took place on 8–9 November 1923.","Injury"
"On 15 May, Cunningham signalled that ""the passage through the Mediterranean was clear"" and that convoys from Gibraltar to Alexandria could be started at once.","None"
"The Massacre of the Acqui Division, also known as the Cephalonia Massacre, was the mass execution of the men of the Italian 33rd Infantry Division ""Acqui"" by the Germans on the island of Cephalonia, Greece in September 1943, following the Italian armistice during the Second World War.","Attack"
"On September 1, Francelia reached hurricane status, shortly before re-curving west-southwest.","Disaster"
"The attack happened at about 6:30 pm local time.","None"
"James was Special Guest Referee for a Tag Team match between the team of Kip James and Monty Brown and the 3Live Kru (Konnan and Ron Killings), which the latter won.","None"
"Kopechne died inside the fully submerged car.","Injury"
"The Demonstration of 20 June 1792 () was the last peaceful attempt made by the people of Paris to persuade King Louis XVI of France to abandon his current policy and attempt to follow what they believed to be a more empathetic approach to governing.","Protest"
"Flooding and strong winds reached into northeastern Nicaragua, though damage was much less widespread than in neighboring Honduras.","Disaster"
"Heavy street fighting ensued, which included artillery and mortar shelling.","Attack"
"About 30% of the infrastructure in Bora-Bora was destroyed, as well as 309 homes and many yachts.","Disaster"
"It also announced that the Special Air Service (SAS) was being moved into South Armagh.","None"
"Attendance was mandatory for all the tribes that had signed treaties with the Confederate States government—Creek, Choctaw, Chickasaw, Seminole, Cherokee, Shawnee, Delaware, Wichita, Comanche, Great Osage, Seneca, and Quapaw.","None"
"Cambridge were the heavier of the crews and consisted of an all-British crew, while Oxford's boat included a Hungarian rower and an American cox.","None"
"Another, even more intense hurricane in pre-Columbian times (sometime between 1278 and 1438) left evidence that was detected in southern New Jersey by paleotempestological research.","Disaster"
"The fighting improved the safety of VRS lines of communication south of the Bosnian Serb capital of Banja Luka, and displaced between 30,000 and 40,000 people, in what foreign observers called ""the largest and most wretched single exodus"" of the Bosnian War.","Attack"
"The engagement took place in the Indian Ocean off the Seychelles archipelago, north of Madagascar.","Attack"
"Israeli Prime Minister Benjamin Netanyahu expressed his condolences for the Egyptian soldiers killed, and praised IDF troops for their preparedness and handling of the attack.","Attack"
"Upon reaching the warm waters of Caribbean Sea it began to organize and became a tropical depression on August 25.","Disaster"
"During the second show in Mexico, Spears left the stage after the sixth song due to a lightning storm; the show was canceled and angered the audience.","Disaster"
"He swam free, left the scene, and did not report the accident to the police until after 10a.m.","Disaster"
"Chinese authorities attempted to downplay the incident by limiting its presence on Chinese web portals, and a large number of discussion threads were censored.","Injury"
"At least 40 people required rescue, and four people were killed.","Injury"
"The Anglo-Ottoman War was a conflict that took place during the Napoleonic Wars between 1807 and 1809.","Attack"
"Snowy White (who was a session and tour musician with Pink Floyd in the 1970s, and was in the tour band for the original 1980–81 tour for ""The Wall"") and Dave Kilminster were the first musicians confirmed to be in Waters's touring band.","Investigation"
"Among the dead were the daughter, son-in-law and baby granddaughter of surveyor and aerial archaeology pioneer G. A. Beazeley.","Injury"
"An investigation panel was promptly established to investigate the accident.","Disaster"
"In addition, agriculture was extensively damaged, resulting in $1.84 million (1984 USD) in losses to crops.","Disaster"
"Summerfest attracts between 800,000 and 900,000 people each year, promoting itself as ""The World's Largest Music Festival"", a title certified by the Guinness World Records since 1999.","Investigation"
"Granada's problems began to worsen after Emir Yusuf III's death in 1417.","Injury"
"On 14 March, German Reich Chancellor Adolf Hitler ordered Schutzstaffel (SS) General Hans Kammler to fire V2 rockets to destroy the bridge.","Disaster"
"A gas alert was given on 25 April when the wind began to blow from the north-east and routine work was suspended; on 29 April, two German soldiers deserted and warned that an attack was imminent.","Attack"
"It did however destroy 30% of the houses in Tully.","Disaster"
"At least 29,000 homes and 2,500 businesses sustained damage from Carlotta, mostly in Oaxaca.","None"
"Mousavi announced he ""won't surrender to this manipulation"", before lodging an official appeal against the result to the Guardian Council on 14 June.","Protest"
"Numerous gasoline explosions in the sewer system and fires over four hours destroyed of streets.","Disaster"
"Several British were captured; no one was killed, but two Canadian militiamen were injured by black bears prior to the diplomatic compromise.","Injury"
"According to the EM-DAT International Disaster Database, Gafilo killed at least 363 people.","Injury"
"Arsenal manager Arsène Wenger described it as psychological boost to beat his opponents and felt the win showed that his team were ready for the upcoming season.","Protest"
"About 60 percent of homes were destroyed in Ebeye, leaving 6,000 people without residence.","Disaster"
"Roeder was found guilty of first-degree murder and two counts of aggravated assault on January 29, 2010, and sentenced on April 1, 2010, to life imprisonment without any chance of parole for 50 years.","Attack"
"The midget submarine attacks and subsequent bombardments are among the best-known examples of Axis naval activity in Australian waters during World War II, and are the only occasion in history when either city has come under attack.","Attack"
"Record-high tides and flooded rivers heavily damaged Woonsocket, Rhode Island.","Disaster"
"The explosion blew off both the inner and outer tube doors, ignited a fire, destroyed the bulkhead between the first and second compartments, damaged the control room, and incapacitated or killed the control room crew.","Attack"
"Initial Boer attacks were successful, and although British reinforcements later reversed these, the war continued for years with Boer guerrilla warfare, until harsh British counter-measures brought the Boers to terms.","None"
"After talks collapsed, elections were held and won by the army's candidate, General Liamine Zéroual.","Disaster"
"Hurricane Kathleen was a tropical cyclone that had a destructive impact in California.","Disaster"
"The Pakistan Cricket Board hoped that the success in the tournament would mean the return of international cricket to Pakistan.","Protest"
"Police suppressed the protests with tear gas and water cannons.","Protest"
"The storm also wrecked of crop fields.","Disaster"
"Later investigations determined that this was reasonable under the abnormal circumstances.","Investigation"
"The tour was commercially successful, and a recording of the concert at the Bournemouth International Centre was made for """", which was released on DVD in May 2012.","None"
"Planning of Vietnam GDB missions included providing coordinates with accuracy to the radar sites, handoff of the bomber from air controllers (e.g., a DASC) to the site, tracking the aircraft by radiating the bomber (e.g., activating the 400 Watt Motorola SST-181 X Band Beacon Transponder), and radioing of technical data from the aircrew to the radar site such as the airspeed/heading for the central to estimate wind speed on the bomb(s).","Attack"
"The storm tracked westward and weakened further, instead of approaching Florida and strengthening into a major hurricane.","Disaster"
"Both ARVN generals in the Mekong Delta, Le Van Hung and Nguyen Khoa Nam, committed suicide after the surrender.","Injury"
"Members of the Provisional Irish Republican Army (IRA) detonated two bombs during British military ceremonies in Hyde Park and Regent's Park, both in central London.","Attack"
"However, the inquiry was hindered by the British government's refusal to release key documents.","Investigation"
"The tributary nations of Aram-Damascus (often called Aram) and the Kingdom of Israel (often called Ephraim because of the main tribe) decided to break away.","Disaster"
"Not quite a war, the hostilities were limited to a few attacks on American civilians by a portion of the Winnebago (or Ho-Chunk) Native American tribe.","None"
"At one point she lifted her arm sharply and the bomb went off prematurely, injuring Doris Young while David Young was out of the room.","Injury"
"Seeking to take advantage of the opportunity, Pyrrhus took his army to Argos, being harried along the way by the Spartans.","Disaster"
"This proposal was unacceptable to the Egyptian authorities, and hence the NTSB continued to lead the investigation.","Investigation"
"The demonstrators hoped that the king would withdraw his veto and recall the ""Girondin"" ministers.","Protest"
"The Zanzibar Revolution ( ""Thawra Zanjibār"") occurred in 1964 and led to the overthrow of the Sultan of Zanzibar and his mainly Arab government by local African revolutionaries.","None"
"The KLA, formed in the early 1990s to fight against Serbian persecution of Kosovo Albanians, initiated its first campaign in 1995 when it launched attacks against Serbian law enforcement in Kosovo.","Attack"
"""Radio Okapi"" reported that four civilians were killed and 10 others were wounded in Bunagana on 4 November.","None"
"It then began to transition into a tropical cyclone.","None"
"Immediately before crashing into the river, it banked sharply left and clipped a taxi travelling west on the Huandong Viaduct (causing two more injuries), then the viaduct itself, with its left wing.","Disaster"
"These attacks resulted in a rout of the French left wing.","Attack"
"The exact timing of the death of the crew is unknown; several crew members are known to have survived the initial breakup of the spacecraft.","Injury"
"The hurricane continued to strengthen until it made landfall near East Matagorda Bay, Texas, with winds of , but rapidly weakened as it headed inland.","Disaster"
"Throughout its existence, Cyclone Sam brought heavy rainfall to a wide swath of northern Australia.","Disaster"
"The weapons' multiple safety interlocks prevented both a nuclear explosion and release of radioactive material.","Disaster"
"These British Empire victories of the Third Transjordan attack over Yildirim Army Group forces, followed two unsuccessful EEF attacks across the Jordan River in March and April 1918.","Attack"
"Security forces were not present and unlike previous protests, it ended peacefully.","Attack"
"He captured and killed Ibn Ajlan (Chief of Riyadh) after morning prayers, and Abdul Aziz held Ibn Ajlan's head and threw it to the people of Riyadh.","Injury"
"However, according to article 49 of the constitution, the President of Lebanon must receive two-thirds of the votes in the first session or an absolute majority of votes in subsequent sessions.","None"
"Corbet was severely wounded in the opening exchanges and subsequently died.","Injury"
"The ""Blog del Narco"", a blog that documents events and people of the Mexican Drug War anonymously, reported that the actual (unofficial) death toll may be more than 68 people.","Injury"
"While landing on runway 3 in a snow storm on December 20, 1983, it struck a snow plow on the runway.","Attack"
"The victory took the overall record in the event to 41–27 in Cambridge's favour.","None"
"The outer bands of Daisy produced strong winds and heavy surf in Bermuda, but caused no damage.","Disaster"
"The following day, Emilia made its closest approach to the Big Island of Hawaii, but subsequently weakened to below hurricane intensity.","Disaster"
"Tickets went on general sale on Friday 2 March, around 20,000 have been admitted for general release.","None"
"The first trial ended in a hung jury and the second ended in an acquittal.","None"
"His 2003 report criticised the Garda Síochána's investigation and said the investigators stopped their work prematurely.","Investigation"
"Moving steadily westward, the storm slowly intensified, attaining hurricane strength on September 24.","Disaster"
"The Los Alfaques disaster was a road accident and tanker explosion which occurred on 11 July 1978 in Alcanar, near Tarragona, in Spain.","Disaster"
"Occurring from 31 October to 4 November 1991, during the Croatian War of Independence, the operation was a Croatian victory and its success set the stage for follow-up advances by Croatian forces on Papuk Mountain in Operation Papuk-91 in late November and December.","Attack"
"The tour consisted of 108 shows in total, visiting the Americas, Europe, Asia, Africa, and Australia.","None"
"The missing persons inquiry which followed was one of the largest in the history of West Yorkshire Police, involving the search of around 1,750 buildings, underwater searches of thirty-two drainage wells, the draining of a two-mile section of canal and the halting of household waste collections.","Investigation"
"Several days later, the remnants of Danielle merged with a larger extratropical low and became indistinguishable.","None"
"In Virginia, the storm spawned three tornadoes, one of which destroyed two houses.","None"
"This contingency operation validated critical procedures for deployment, particularly the off-loading of equipment from floating prepositioning ships and its distribution to arriving soldiers.","Investigation"
"The last surviving player from the game was Manchester United goalkeeper Jack Crompton who died in July 2013 at the age of 91.","Injury"
"Three other hostages and a police officer were injured by police gunfire during the raid.","Attack"
"Although effects were lesser in Vanuatu, the country's northernmost islands experienced heavy flooding and beaches destroyed by high waves.","Disaster"
"The flames had been extinguished by the afternoon of 13 December 2005.","None"
"The ninth tropical storm and seventh hurricane and major hurricane of the season, Hattie originated from an area of low pressure that strengthened into a tropical storm over the southwestern Caribbean Sea on October 27.","Disaster"
"Web sites and blogs favourable to the opposition claimed that the rally was attended by 120,000 people.","None"
"In the middle of the service Umur Beg swept down on the congregation and the leaders of the crusade were killed, including the Patriarch, Martino Zaccaria, commander of the Papal galleys and the Venetian commander, Pietro Zeno.","Injury"
"Due to Kim alone, over 200 people died in Thailand, and an additional 100 were killed due to widespread flooding in Bangladesh.","Injury"
"Duggan telephoned his mother, Erica Duggan, 50 minutes before he died, apparently distressed about his involvement in it.","Injury"
"The new record of beat the old record of that had been set on 21 December 1972.","None"
"Five of the detainees have been positively identified as persons of special interest according to intelligence reports.","Investigation"
"The protesters were unable to congregate at Merdeka Stadium as many were forced to disperse by police who were heavily deployed throughout the city.","None"
"The genocides claimed the lives of 2.7 to 3 million Polish Jews and 1.8 to 2.77 million non-Jewish ethnic Poles, according to various sources such as Poland's Institute of National Remembrance.","Injury"
"The Ottoman defenders were also reinforced at this time, and both sides carried out training while manning the front lines and monitoring the open eastern flank.","None"
"Polls conducted from 1966 to 2004 found that up to 80 percent of Americans suspected that there was a plot or cover-up.","Investigation"
"The attacks by the Fifth Army further north from Poelcappelle to the French First Army boundary to close in on Houthoulst Forest succeeded but at the end of 9 October the front line near Passchendaele hardly changed.","Attack"
"According to the National Transportation Safety Board (NTSB), which investigated the cause of the collision, the Metrolink train ran through a red signal before entering a section of single track where the opposing freight train had been given the right of way by the train dispatcher.","Investigation"
"Tropical Storm Katrina was a short-lived, weak tropical cyclone that produced minor damage across areas previously devastated by Hurricane Mitch in 1998.","Disaster"
"New requirements to install smoke detectors in lavatories, strip lights marking paths to exit doors, and increased firefighting training and equipment for crew became standard across the industry, while regulations regarding evacuation were also updated.","None"
"It was Spain's deadliest accident since the 1983 crash of Avianca Flight 011.","Disaster"
"These villages were also recaptured by members of the security forces.","None"
"Both Serbia and Greece, utilizing the argument that the war had been prolonged, repudiated important particulars of the pre-war treaty and retained occupation of all the conquered districts in their possession, which were to be divided according to specific predefined boundaries.","Protest"
"The battle is historically significant as the first action in which aircraft carriers engaged each other, as well as the first in which the opposing ships neither sighted nor fired directly upon one another.","Attack"
"The force of the attack split the 2nd Infantry Division in half, and the KPA were able to penetrate to Yongsan, promoting a fight there.","None"
"During the battle, he rode to the safety of enemy lines, leaving the Bulgarian army to be crushed.","Attack"
"The bombing came at a time of economic problems and protests against Lukashenko's government.","Attack"
"While there was no question as to whether the drugs were in Hendrix's luggage, in order for the Crown to prove possession they had to show that he knew they were there.","Injury"
"Most of the fighting occurred at night, under heavy mortar fire, while the daylight hours were usually spent by the UN forces evacuating the dead and wounded, replacing the defending company, sending up resupplies and repairing the fortified positions.","Injury"
"were disposed of in the landfill, Atari officials later verified the numbers to be around 700,000 cartridges of various titles, including ""E.T.""","Investigation"
"The rains caused widespread river flooding and resulted in 32 mudslides.","Disaster"
"188 U.S. aircraft were destroyed; 2,403 Americans were killed and 1,178 others were wounded.","Disaster"
"On May 21, a grand jury indicted the officers on most of the original charges filed by Mosby with the exception of the charges of illegal imprisonment and false arrest, and added charges of reckless endangerment to all the officers involved.","Investigation"
"All the casualties were transferred to a hospital in Hwange, which is situated in the area.","None"
"The Battle of Raciborz took place in the Polish town of Raciborz, on 20 March 1241, during the Mongol invasion of Poland.","Attack"
"In 2015, the International Court of Justice ruled that the massacre in Voćin was not an example of genocide, and stated that Croatia has not produced sufficient evidence to substantiate its claim that Croats were killed by Serb forces in that locality in December 1991.","Injury"
"Iran demanded his return in order to stand trial for crimes that he was accused of committing during his reign.","Investigation"
"The most recent champion is OG, who are also the only team to win an International more than once.","None"
"It did so in northeastern North Carolina on August 23 with winds of about 90 mph (150 km/h).","None"
"The attack was planned and commanded by Lieutenant General John Monash, commander of the Australian Corps and Australian Imperial Force.","Attack"
"The massacre in 1790 described below, as well as the labor-hungry sandalwood trade, contributed to the site's decline.","Injury"
"The Siege of Fort Erie was one of the last and most protracted engagements between British and American forces during the Niagara campaign of the American War of 1812.","None"
"Flooding killed four people in the country, three of whom due to a home collapsing.","Disaster"
"Over of railways lines were washed out.","None"
"Moving northwestward, Alice strengthened rapidly as it neared the Mexican coastline, becoming a hurricane early the next day.","Disaster"
"By January 9, the storm intensified into a typhoon and attained its peak intensity the following day.","None"
"Dark Winter was focused on evaluating the inadequacies of a national emergency response during the use of a biological weapon against the American populace.","Investigation"
"The senior Luftwaffe officer responsible for the bombing, ""Generaloberst"" Alexander Löhr, was captured by the Yugoslavs at the end of the war and was tried and executed for war crimes, in part for his involvement in the bombing of Belgrade.","Attack"
"They were suspected of having facilitated the suicide bomber.","Investigation"
"Two electric commuter trains collided in fog and 32 people were killed, including the driver of the second train.","Injury"
"The sudden influx of gold into the money supply reinvigorated the American economy, and the sudden population increase allowed California to go rapidly to statehood, in the Compromise of 1850.","None"
"Arthur Koestler called the Soviet attitude ""one of the major infamies of this war which will rank for the future historian on the same ethical level with Lidice.""","None"
"There have been a number of breaks in the investigation of the bombing.","Investigation"
"Most of the victims were vacationers in the Los Alfaques seaside campsite.","Disaster"
"A full-production show began in March 2011 in the United Kingdom and Australasia.","None"
"Some tracks were performed in acoustic versions.","None"
"Although the battle itself was inconclusive, the Union Army's repulse of two Confederate attacks and the subsequent Confederate withdrawal were a much-needed boost to Union morale after the defeat at the Battle of Fredericksburg, and it dashed Confederate aspirations for control of Middle Tennessee.","Attack"
"The 2012–14 Romanian protests against shale gas are an ongoing series of protests in major Romanian cities against exploitation of shale gas through controversial method of hydraulic fracturing.","Protest"
"On the other date, two of the members were diagnosed with bronchitis, prompting them to cancel the Washington show on September 16.","Investigation"
"On 9 September Sercey's frigates formed a line of battle, successfully engaging first ""Arrogant"" and then ""Victorious"" and inflicting damage on each while preventing them from supporting one another.","Attack"
"The trial of the case began on 7 March 2002 and as many as 1,300 witnesses were examined.","Investigation"
"It has been sometimes referred to as ""Europe's longest war"".","None"
"More than 20 people received non-life-threatening injuries and two people died in the collapse.","Injury"
"This also counted as their ninth European title, with the Czechs finishing second and the Swedes third.","None"
"Since Dean was initially difficult to forecast, it posed a possible threat to the Lesser Antilles, as a result, several evacuations occurred, and many hurricane watches and warning were issued.","Disaster"
"These claims were later refuted by Taliban leaders in Nuristan and Badakhshan, who stated that they had confirmed the dead were bona-fide aid workers, condemned the killings as murder, and offered their condolences to the families of those killed.","Investigation"
"Social media sites including Facebook also featured rumours of further disturbances or details surrounding known disturbances which were later proven to be inaccurate; for instance there were rumours of disturbances in the town of Dudley and at the nearby Merry Hill Shopping Centre, but no incidents in these areas were detected by police.","Attack"
"Niklaus Leuenberger was beheaded and quartered in Bern on September 6, 1653.","Injury"
"The 2006 New York City plane crash occurred on October 11, 2006, when a Cirrus SR20 general aviation, fixed-wing, single-engine light aircraft crashed into the Belaire Apartments in the Upper East Side of Manhattan, New York City, at about 2:42 p.m. EDT (18:42 UTC).","Disaster"
"The accident investigators cited the probable cause as a visual approach procedure at night in which the descent was begun from an incorrectly identified point.","None"
"Along its path, Charley caused 10 deaths and $16.9 billion in damage to insured residential property, making it the second costliest hurricane in United States history at the time.","None"
"These forces occupied the Hathung La, across the Namka Chu from Thag La.","Attack"
"In the late 1550s, the ruler of one of the Kabardás, Temryuk (or Temriuk), struck a politico-military alliance with Tsar Ivan IV of Russia (""Ivan the Terrible""), for mutual assistance against expansionist attacks by the Persian and Ottoman Empires.","Attack"
"The ""Shramjeevi Express"" train was travelling in the afternoon between Jaunpur and Delhi when, at 5.15pm, a sudden explosion tore through one of the carriages.","Disaster"
"Detonated on March 1, 1954, the device was the most powerful nuclear device detonated by the United States and its first lithium deuteride fueled thermonuclear weapon.","Attack"
"Then, in May 1975, the newly formed Democratic Kampuchea, dominated by the Khmer Rouge, began attacking Vietnam, beginning with an attack on the Vietnamese island of Phú Quốc .","Attack"
"Whether a battle or massacre, it was certainly the bloodiest of any engagement of the Moro Rebellion, with only six of the hundreds of Moro surviving the bloodshed.","Attack"
"of central Tokyo were destroyed, leaving an estimated 100,000 civilians dead and over 1 million homeless.","Disaster"
"The siege lasted for four months, during which time one-third of the Portuguese troops either died (mainly from the plague) or deserted.","Injury"
"It found forensic evidence supported the officer's account, that witnesses who corroborated the officer's account were credible, and that witnesses who had incriminated him were not credible, with some admitting they had not directly seen the events.","Investigation"
"The sabotage theory was ruled out despite a threat letter being received a few days earlier, prompting Communist Party leader Jacques Duclos to demand an inquiry on the matter.","Investigation"
"The conflict in Jammu and Kashmir has strong Islamist elements among the insurgents, with many of the ""ultras"" identifying with Jihadist movements and supported by such.","Investigation"
"The festival is held over three days during February each year.","None"
"There also were thousands of people injured, dozens kidnapped and a disputed number going into exile, either to flee from the violence or to avoid capture by Spanish or French police or by Europol/Interpol.","Injury"
"The battle's name usually includes the year, when referenced, in order to distinguish it amongst the nine major Battles of Mogadishu during the decades long Somali Civil War.","Investigation"
"The trial against Officer William Porter ended in mistrial.","Investigation"
"Her naked body was found in the sand dunes nearby the following morning, with severe genital damage and a crushed skull.","Disaster"
"The album was certified Double platinum by the Federation of the Italian Music Industry.","Investigation"
"Farther west, Dauphin Island in Alabama endured wind gusts as high as and a significant storm surge.","Disaster"
"It was part of the First War of Scottish Independence and the conflict between the Irish and the Anglo-Normans.","Attack"
"The film received an overwhelming commercial response, grossing a total of $70.6 million worldwide and setting numerous records, including once being the highest-grossing concert film of all time.","None"
"Additionally, several tornadoes spawned in the state caused notable impacts, with the most destructive twister, an F4 near Galveston, Texas, resulting in 200 buildings severely damaged, of which at least 60 were destroyed, and 8 deaths and 55 injuries.","Disaster"
"Bad Blood grossed over $494,000 ticket sales from an attendance of 9,000 and received 264,000 pay-per-view buys, and was instrumental in helping WWE increase its pay-per-view revenue by $4.7 million compared to the previous year.","Investigation"
"After the historic Mamluk victory over the Ilkhanates at the Battle of Ain Jalut in September 1260, Hulagu Khan of the Ilkhanate had the Ayyubid Sultan of Damascus and other Ayyubid princes executed in revenge, thus effectively ending the dynasty in Syria.","Injury"
"The Battle of Chalgrove 18 June 1643 of the English Civil War was a meeting engagement, or in 17th century English Civil War terminology a fight, that occurred when a Royalist body of horse (cavalry) commanded by Prince Rupert met a similar sized Parliamentarian mounted force under the command of Major John Gunter.","None"
"Kipp Lennon, Mark Lennon and Michael Lennon of the band Venice were confirmed for backing vocal duties, but Michael Lennon withdrew from the band due to rehearsal difficulties.","Investigation"
"As part of the Webster–Ashburton Treaty of 1842 it was agreed that both countries would work together on the abolition of the slave trade, which was deemed piracy, and to continue the blockade of Africa.","Protest"
"A further 50 people required medical treatment, including several who underwent amputations.","Injury"
"The band headlined on almost all dates, and various acts supported them throughout.","None"
"This was the most expensive trial in Canadian history, costing nearly C$130 million.","Investigation"
"The operation took place at night.","None"
"Sandy caused two deaths and an estimated $700 million (2012 USD) in damage in The Bahamas.","Disaster"
"Abdulai Bayraytay, the spokesman of the Sierra Leonean government, stated that as of 1 October 2012 there were no new reported cases of cholera.","Disaster"
"Many of his supporters were tried during the Bloody Assizes, led by Judge Jeffreys and were condemned to death or transportation.","Injury"
"The engagement formed part of a wider campaign, in which a major French convoy sailed from Toulon to Alexandria at the start of the Napoleonic campaign in Egypt.","Attack"
"Overall, the hurricane resulted in 26 fatalities and about $60 million in damage.","Disaster"
"Three people died in the crash after a signalman's error routed a small freight train into the path of an express passenger train which slowed but could not stop before colliding with it.","Injury"
"Overall casualties of the war are estimated around 3000.","Injury"
"The Vietnam War split the Democratic Party.","Disaster"
"President Harry S. Truman was upstairs in the house and not harmed.","Injury"
"Reviews and recordings have confirmed the tour was also of poor musical quality.","Investigation"
"However, dismantling the Ottoman government and partitioning the Ottoman Empire among the Allied nations had been an objective of the Entente since the start of the war.","Disaster"
"Jacques Clément, a fanatical Catholic monk, assassinated King Henry III at Saint-Cloud in August 1589.","Injury"
"The initial French attack broke through and captured Vimy Ridge but reserve units were not able to reinforce the troops on the ridge, before German counter-attacks forced them back about half-way to their jumping-off points.","Injury"
"Heavy fighting resulted in significant casualties on both sides, but the combined American and Australian force was able to uncover an extensive tunnel network covering more than .","Injury"
"Another Swedish campaign into Prussia started in the summer of 1761, but was soon aborted due to shortage of supplies and equipment.","None"
"Many are killed or taken prisoner; the others forced to flee, pursued by their victors as long as these have the strength to run and kill.","Injury"
"CJTF-HOA consists of about 2,000 servicemen and women from the United States military and allied countries.","None"
"However, a release date for this recording has yet to be confirmed, with only one song from the concert being released as a Muse website members 'Christmas present.'","Investigation"
"At his arraignment on April 5, 2012, Luc pleaded not guilty to the charges.","Investigation"
"Plans were discussed to overthrow the monarch, following the failure of the Rye House Plot to assassinate Charles II and James in 1683, while Monmouth was in self-imposed exile in the Dutch Republic.","Injury"
"Despite their technological superiority —the Spaniards, protected with armour and shields, fought with blunderbusses and cannon— the Guanches, fighting naked, attacked them from the slopes with stones and spears of hardened wood (known as ""banotes"").","None"
"The United Kingdom and the Soviet Union were the main supporters of the Nigerian government, while France, Israel and some other countries supported Biafra.","None"
"The single ""Non è l'inferno"", certified disc multiplatinum, debuted straight to 1st place in Italy while Switzerland reaches the 19th position.","Investigation"
"For the first time in combat, they had deployed the top-secret Canal Defence Lights which successfully detected the frogmen in the dark, and they were all killed or captured.","Injury"
"Total deaths recorded in 2007 Bihar floods was 1,287, which was second highest death toll in state after 1,399 deaths in 1987 Bihar floods.","Disaster"
"The Office of Atomic Energy for Peace (OAEP), Thailand's nuclear regulatory agency, was notified when doctors came to suspect radiation injury, some seventeen days after the initial exposure.","Investigation"
"Pedro, for reasons unknown, challenged him to a joust.","Protest"
"In 2008, the FBI requested a review of the scientific methods used in their investigation from the National Academy of Sciences, which released their findings in the 2011 report ""Review of the Scientific Approaches Used During the FBI's Investigation of the 2001 Anthrax Letters.""","Investigation"
"Over one million Mozambicans were killed in the fighting or starved due to interrupted food supplies; an additional five million were displaced across the region.","Injury"
"SS Division ""Prinz Eugen"" massacred large numbers of civilians and prisoners of war.","Injury"
"On the morning of 12 December 1988, a crowded passenger train crashed into the rear of another train that had stopped at a signal just south of Clapham Junction railway station in London, and subsequently sideswiped an empty train travelling in the opposite direction.","Disaster"
"Madonna confirmed the possibility of going out on a tour as early as November 2005.","Investigation"
"In the aftermath of the violent crackdown on the student protests, the Government of Ne Win immediately closed all universities for four months and sent all students home.","None"
"The subsequent investigation and prosecution lasted almost twenty years.","Investigation"
"The Kingsmill massacre was a mass shooting that took place on 5 January 1976 near the village of Whitecross in south County Armagh, Northern Ireland.","None"
"This initial attack was reinforced by a ground assault on 28 June.","Attack"
"By the time the assailants were beaten off, two other members of Frémont's group were dead.","Injury"
"Throughout 2014 and the first 6 months of 2015, 18 fires were declared ""national disasters"" affecting a total of 68 local government areas across New South Wales, South Australia, Victoria and the Northern Territory.","Disaster"
"They also demolished a lot of infrastructure and broke windows of vehicles there and looted shops in the vicinity.","Disaster"
"They have left us here to die.""","Injury"
"The 2012 Afghanistan Quran burning protests was a series of protests of varying levels of violence which took place early in 2012 in response to the burning of Islamic religious material by soldiers from the United States Bagram Air Base in Afghanistan.","Protest"
"Due to polarised opinion about her achievements and legacy, reaction to her death was mixed throughout Britain and evoked contrasting praise and criticism.","Injury"
"The siege continued through the summer, but in July and August Alfonso was leading forces in a place called ""Rocha Tallata"" or ""Rocathalada"", possibly modern Peyrehorade.","Attack"
"He was one of the signatories on a document called ""85 victims, 85 signatures"" as part of the bombing's 11th anniversary.","Attack"
"The storm peaked as a Category 3 hurricane on the Saffir-Simpson Hurricane Scale, and around the same time, the storm slowed and turned more towards the north-northwest.","Disaster"
"The Third Anglo-Burmese War, also known as the Third Burma War, was a conflict that took place during 7–29 November 1885, with sporadic resistance and insurgency continuing into 1887.","Attack"
"Barroso, 22 - Centro, Rio de Janeiro, 20031-000, Brazil) and Building 3 (a 6-story building located at Av.","None"
"These fires, which initially created confusion regarding the source of the Carmel blaze, were all extinguished within a few hours of being lit.","Injury"
"As they approached Beijing, Zhang Zuolin, leader of the Manchuria-based Fengtian clique, was forced to flee, and was assassinated shortly thereafter by the Japanese.","Injury"
"The event is the namesake for the Vesuvian type of volcanic eruptions, characterized by eruption columns of hot gases and ash exploding into the stratosphere, although the event also included pyroclastic flows associated with Pelean eruptions.","Disaster"
"Other democracy-related issues involving human rights and universal suffrage (in this case the right to elect Hong Kong leaders through general elections under universal suffrage with no curtailment from the central government of China) became the new focal point for the pro-democracy camp.","Investigation"
"The West Yorkshire Police later stated that any attempt to legitimise criminal behaviour by saying it is connected with racial tension or the style of policing is just an excuse for young males committing crime on the streets.","Protest"
"Following a three-year joint investigation by Dumfries and Galloway Constabulary and the US Federal Bureau of Investigation (FBI), arrest warrants were issued for two Libyan nationals in November 1991.","None"
"On Friday, 24 June 1994, a United States Air Force (USAF) Boeing B-52 Stratofortress crashed at Fairchild Air Force Base, Washington, United States, after its pilot, Lieutenant Colonel Arthur ""Bud"" Holland, maneuvered the bomber beyond its operational limits and lost control.","Disaster"
"During their 2013 European leg, they became the first rock group to confirm an appearance at Stockholm's national stadium, Friends Arena, which sold out in record-setting time.","Investigation"
"As the storm tracked westward, it continued to intensify and was upgraded to a hurricane on September 30.","Disaster"
"Four days before the explosion, residents started complaining of a strong gas-like smell coming from the sewers which became progressively more pungent over the course of those days.","Disaster"
"The protest was designed to draw global attention by demonstrating a popular desire for independence for each of the entities.","Protest"
"The conflict engaged all levels of society, and arguably had profound repercussions on contemporary international relations and ultimately provoked a social and ideological paradigm shift in national events that went on to have a decisive influence on the subsequent development of Polish society.","Attack"
"On 16 October, the 5th Battalion and the brigade's glider-borne element arrived.","None"
"It determines the country's representative for the Eurovision Song Contest, and has been staged almost every year since 1958.","None"
"The seventh tropical cyclone, third hurricane, and second major hurricane of the season, Gustav caused serious damage and casualties in Haiti, the Dominican Republic, Jamaica, the Cayman Islands, Cuba and the United States.","None"
"North Korea's further offer to aid an open investigation was disregarded.","Investigation"
"The 3rd Guard Division was hurried forward from Valenciennes, to hold the ground in front of the second position and British attacks began on Shelter and Bottom woods up the slope towards Contalmaison.","Attack"
"However, supported by an Ottoman cavalry attack on the British infantry's northern flank, the Ottoman rearguard strongly defended the ridge all day and most of the night, until it was finally captured early on 9 November.","Attack"
"At least one of the dead is identified jihadists; Algeria's Abdelkader Ben Boucha, 33, from El Oued.","Investigation"
"The Serbian victory over the Austro-Hungarians marked the first Allied victory over the Central Powers in the opening days of the First World War, and the first aerial dogfight of the war took place during the battle.","Attack"
"Relying mostly on analysis of data from the Inmarsat satellite with which the aircraft last communicated, the Australian Transport Safety Bureau proposed initially that a hypoxia event was the most likely cause given the available evidence, although there has not been any consensus concerning this theory among investigators.","Investigation"
"About 585 of the deaths were caused by large landslides in Santa Tecla and Comasagua.","Injury"
"More than 50 people were injured in the blasts.","Injury"
"The Junior Dance Festival, Blackpool Sequence Dance Festival which incorporates the British Sequence Championships, and British National Dance Festival are also held annually in Blackpool.","None"
"He was pronounced dead at 12:45 p.m.","Injury"
"The Zambian team dedicated their win to the members of the national team who died in a plane crash near the final's venue in Libreville in 1993.","Injury"
"Allied forces attacking Utah faced two battalions of the 919th Grenadier Regiment, part of the 709th Static Infantry Division.","Attack"
"His death prompted the capitulation of his army and the reestablishment of a Macedonian hegemony over Greece.","None"
"In addition, between 150,000 and 200,000 Polish civilians died, mostly from mass executions.","Injury"
"This was done, and the attack began.","Attack"
"Overcrowding and increased African American resistance against racism, especially by war veterans contributed to the visible racial frictions.","Attack"
"Throughout 1581, this force traversed the territory known as Yugra and subdued Vogul and Ostyak towns.","None"
"However, because the British failed to relieve the garrison of Gaeta, the city was finally captured in mid-July after French artillery smashed gaps in the city's defences.","Disaster"
"Alabama was the first band ever to perform at WE Fest.","None"
"The blast destroyed 12 apartments and killed ten residents, including one woman who died of blast-related trauma in a hospital after being rescued from the rubble.","Disaster"
"One passenger died immediately and three more died within a week, as did the co-pilot, C. T. Owens.","Injury"
"The ship had been packed with delayed-action explosives, well-hidden within a steel and concrete case, that detonated later that day, putting the dock out of service until 1948.","Disaster"
"Following desertions from his German federated troops, hostile Germanic warbands learned that his force was under-strength and moved to attack the town.","Attack"
"Three of the five Islamic leaders, Abdelhamid Abou Zeid, Abdel Krim and Omar Ould Hamaha were killed, while Mokhtar Belmokhtar fled to Libya and Iyad ag Ghali fled to Algeria.","Injury"
"Over the next five days, 13 people were killed and more than 100 were injured.","Injury"
"Initially, troops of the competing archbishops of Cologne fought over control of sections of the territory.","Attack"
"In contrast to Mala's intensity, damage was relatively minimal across Myanmar due to adequate early warnings, while timely and effective evacuations minimized loss of life along the coast.","Disaster"
"No formal inquiry was held until four years later.","None"
"The economic costs of the war were felt all across Greece; poverty became widespread in the Peloponnese, while Athens found itself completely devastated, and never regained its pre-war prosperity.","Disaster"
"brands.","None"
"At 15:35, supported by air strikes, armour, and fire from A Company, B Company assaulted the position.","Attack"
"Twelve Israeli soldiers, gendarmes, and civilian security guards, including three high-ranking officers, were killed in the battle, as were all three of the Palestinian attackers.","Attack"
"These claims were verified by the Fédération Aéronautique Internationale (FAI).","Investigation"
"It developed into a tropical depression on May 29 and tropical storm later, it was dissipated on May 30, reaching top winds of 45 mph ( and a lowest pressure of 1000 mbar (hPa; 29.53 inHg).","Disaster"
"Health officials in Bangladesh confirmed a deadly outbreak of diarrhoea on 29 Formation Alert being issued early the next day by the JTWC as the low level circulation center had become stronger and more defined.","Investigation"
"In light of the investigative reports determining that ""reliable acoustic data do not support a conclusion that there was a second gunman"", the U.S. Justice Department concluded active investigations and stated ""that no persuasive evidence can be identified to support the theory of a conspiracy in ... the assassination of President Kennedy"".","Injury"
"Subsequently, after a further investigation and a second inquest held in Darwin, Lindy Chamberlain was tried for murder, convicted on 29 October 1982 and sentenced to life imprisonment.","Injury"
"The festival, which was first celebrated in 1996, after being verified the success of festivals like the Benicàssim, has been consolidated like a fundamental reference inside the universe of indie festivals that are celebrated in Spain.","Investigation"
"The Al-Qaeda group in the Maghreb is the group claiming responsibility for these two attacks.","None"
"Countries closer to Honduras, such as the United States, set up city donation centers that would send supplies to the country.","None"
"Martinique, like nearby Guadeloupe, was a major threat to British trade in the Caribbean, providing a sheltered base from which privateers and French Navy warships could raid British shipping and disrupt the trade routes that maintained the British economy.","Attack"
"The Soviet Union ended its support for the PDRE in the late-1980s and the government was overwhelmed by the increasingly victorious rebel groups.","Disaster"
"They fired into the crowd without orders, instantly killing three people and wounding others, two of whom later died of their wounds.","Injury"
"Later, the cyclone passed south of the Comoros islands, causing flooding due to high storm surge and waves that killed one person.","Injury"
"Located south of Vietnam on December 7, the storm's circulation center became devoid of convection, and by then Rumbia was declared by the JTWC to have dissipated.","None"
"Twenty-eight people were killed in West Flanders, Belgium.","Injury"
"The Duke's subtle moves and changes in emphasis during the battle – something his opponents failed to realise until it was too late – caught the French in a tactical vice.","None"
"The over-the-rail Pullman employees (such as conductors and porters) did not go on strike.","Attack"
"The first regatta was held over 17–19 June 1834, opening with a six oared race in 1834 won by ""Velocity"", owned by W. L. Wharton, High Sheriff of Durham, against the Durham University Original Club in ""Sylph"".","None"
"Montauban was recaptured by German troops on 25 March 1918 during Operation Michael, as the right flank units of the 17th (Northern) Division and the 1st Dismounted Brigade of the 1st Cavalry Division retreated.","None"
"This occurred about a month after Hurricane Celia caused significant damage across the region.","Disaster"
"Characterized as the worst disaster in the Yukon River's history, the sternwheeler ""Columbian"" exploded and burned at Eagle Rock, Yukon, Canada, on September 25, 1906, killing six men.","Injury"
"Several times they came close from both open play and penalty corners: shots whizzed past the post, crosses were desperately intercepted, the keeper himself made a few useful saves - but the Germans were themselves dangerous on the breakaway.","None"
"The Melbourne concert scheduled for 12 June 2014 at Rod Laver Arena would now take place on 13 February 2015 at a smaller venue, Margaret Court Arena.","None"
"The crash became known in the media as the ""Ghost Flight"".","Disaster"
"Among the findings contained in the final investigation report was that the crew continued the approach in adverse weather conditions beyond the point at which the approved procedure would have required to abort the landing.","Investigation"
"The crew, probably under the mistaken belief that the aircraft had suffered a double engine flame-out, did not take the necessary actions to recover from the stall.","Injury"
"The protests began with peaceful movements against shale drilling organized on social networking websites.","Protest"
"The city of Houston suffered extensive damage as the storm passed to the east.","Disaster"
"The protests reached such a point that political leaders feared civil war or revolution; the national government itself briefly ceased to function after President Charles de Gaulle secretly fled France for a few hours.","Attack"
"After the 21 September 2013 Paris show he claimed on stage this to be possibly the last ""The Wall"" show, confirming rumours that there will be no further tour dates planned for 2014.","Investigation"
"Over 100,000 animals also died in the cyclone with the total cost of damages to crops estimated at over $ (1990 USD).","Disaster"
"With the assistance of two New Zealand Army NZLAVs, they were successful at about 5 p.m. on 8 May.","None"
"All 229 passengers and crew onboard the MD-11 were killed, making the crash the deadliest McDonnell Douglas MD-11 accident in aviation history.","Injury"
"The Ottoman–Habsburg wars were fought from the 16th through the 18th centuries between the Ottoman Empire and the Habsburg Monarchy, which was at times supported by the Holy Roman Empire, Kingdom of Hungary, Polish–Lithuanian Commonwealth, and Habsburg Spain.","Attack"
"These floods soon spread through the provinces of northern, northeastern, and central Thailand along the Mekong and Chao Phraya river basins.","Disaster"
"Others such as ""The New York Times"" saw the protests as ""a political coming of age for the tech industry.""","None"
"Saleh and several others were injured and at least five people were killed by a 3 June bombing of the presidential compound when an explosion ripped through a mosque used by high-level government officials for prayer services.","Attack"
"The Package Q Airstrike was the largest airstrike of the Persian Gulf War, and the largest strike of F-16s in military history.","Attack"
"The deaths were the first in a chain of violent events in a fourteen-day period.","Injury"
"Kesey took the parties to public places, and advertised with posters that read, ""Can you pass the acid test?","None"
"Kansas is not known for earthquake activity, but an earthquake could occur at any time.","Disaster"
"During the return journey, 67 of the 90 rebels suffocated to death in the closed iron wagon.","Injury"
"It was first classified as a tropical disturbance on February 21 between Vanuatu and Fiji.","Investigation"
"Snow fell from in parts of New Jersey, New York, Massachusetts, Rhode Island, and Connecticut, and sustained winds of more than produced snowdrifts in excess of .","None"
"Landslides in damaged 36 homes and 334 homes in the states of Chiapas and Veracruz, respectively.","Disaster"
"Several pieces of marine debris confirmed to be from the aircraft washed ashore in the western Indian Ocean during 2015 and 2016.","Investigation"
"To this end, it was partially successful, as the Dey of Algiers freed around 3,000 slaves following the bombardment and signed a treaty against the slavery of Europeans.","Attack"
"On the following Thursday a coroner's inquest was opened at Pontypridd Police Court.","None"
"According to INSEC, 1,665 of the dead were women.","Injury"
"Strengthening as it moved westward, Linda struck extreme southern Vietnam on November 2 with winds of 65 mph (100 km/h), dropping heavy rainfall.","Attack"
"There were also 64 deaths in the country.","Injury"
"Between 1639 and 1653, Scotland was involved in the Wars of the Three Kingdoms, a series of wars starting with the Bishops Wars (between Scotland and England), the Irish Rebellion of 1641, the English Civil War (and its extension in Scotland), the Irish Confederate Wars, and finally the subjugation of Ireland and Scotland by the English Roundhead New Model Army.","Attack"
"Another possibility is that he was attempting to conquer the southwest part of Scotland that may have only recently fallen under Scottish royal authority.","None"
"Gonzalez was indicted for entering a restricted building while armed with a knife.","Investigation"
"After finally succumbing to wind shear on December 2, the system weakened to a tropical depression near Mangaia and dissipated several days later.","Injury"
"Napoleon hoped this battle would win the war for him, but the Russian army slipped away and continued to retreat, leaving Smolensk to burn.","Injury"
"These are estimated to have killed roughly 400 militants as well as 3 to 10 civilians.","Injury"
"Further investigations discovered used hacksaw blades and cloth used to disguise the broken line at the scene.","Disaster"
